song_year,song_rank,singer,title,Genre,lyric,lyric_tokens
2001,1,브라운 아이즈,벌써 일년,R&B/Soul,"처음이라 그래 며칠뒤엔
괜찮아져
그 생각만으로 벌써 일년이
너와 만든 기념일마다
슬픔은 나를 찾아와
처음 사랑 고백하며
설렌 수줍음과
우리 처음 만난날 지나가고
너의 생일엔 눈물의 케이크
촛불 켜고서 축하해
I believe in you
I believe in your mind
벌써 일년이 지났지만
일년뒤에도 그 일년뒤에도
널 기다려
너무 보고싶어 돌아와줘
말 못했어
널 보는 따뜻한 그의 눈빛과
니 왼손에 껴진 반지보다
빛난 니 얼굴 때문에
I believe in you
I believe in your mind
다시 시작한 널 알면서
이젠 나없이 추억을 만드는
너라는걸
내가 기억하는 추억은 언제나
지난 웃음과 얘기와 바램들
또 새로 만들 추억은 하나뿐
내 기다림과 눈물 속 너일뿐
I believe in you
I believe in your mind
다시 시작한 널 알면서
이젠 나없이 추억을 만드는
너라는걸
I believe in you
I believe in your mind
벌써 일년이 지났지만
일년뒤에도 그 일년뒤에도
널 기다려",시작 생각만 고백 눈빛 눈물 일년 케이크 일년뒤 때문 왼손 웃음 축하 추억 기념일 너라는걸 수줍음 생일 사랑 며칠뒤 처음 만난날 바램들 뿐 기억 반지 얼굴 하나 따뜻한 이젠 촛불 얘
2001,2,포지션,I Love You,발라드,"I love you 사랑한다는 이 말 밖에는
해줄 말이 없네요
I love you 의미 없는 말이 되었지만
사랑해요
이제와서 무슨 소용 있겠어요
다신 볼 수 없는 이별인데
돌이킬 수 없는 걸 잘 알고 있지만
어떻게든 그댈 잡아 두고 싶은걸
Ooh ooh ooh
이 세상 아니라도 언젠가
우리 다시 만날텐데
눈물 한방울도 보여선 안되겠죠
사랑에 빠지게 만들었던
미소로 날 떠나요
그 미소 하나로
언제라도 그대를 찾아낼 수 있게
I love you 기억하나요 처음 그대에게
느낀 그 떨림
I love you 오랜 후에서야 내게 해준
그대 그 한마디
우리 사랑 안될거라 생각했죠
너무나도 아름다웠기에
돌아서려 했었던 내 앞의 그대는
꿈만같은 사랑으로 다가 왔었죠
Ooh ooh ooh
이 세상 아니라도 언젠가
우리 다시 만날텐데
눈물 한방울도 보여선 안되겠죠
사랑에 빠지게 만들었던
미소로 날 떠나요
그 미소 하나로 언제라도 그대를
찾아낼 수 있게
언젠가 우리 다시 만나면
약속 하나만 해요 이렇게 아프게
너무 쉽게 헤어질 사랑하진 마요",눈물 의미 싶은걸 소용 밖 미소 한방울 다 마요 사랑 후 생각 이별 세상 이제와서 하나 기억 언제 꿈만같은 약속 한마디
2001,3,김건모,미안해요,발라드,"그대는 나만의 여인이여
보고 또 보고 싶은 나만의 사랑
그대는 나만의 등불이여
어둡고 험한 세상 밝게 비춰주네요

그대여 지금껏 그 흔한 옷한벌 못해주고
어느새 거칠은 손한번 잡아주지 못했던
무심한 나를 용서할수 있나요
미안해요

이 못난 날 만나 얼마나 맘 고생 많았는지
그 고왔던 얼굴이 많이도 변했어요
내맘이 아파요

그대는 나만의 여인이여
아직도 못다한 말 그댈 사랑해요

그대의 생일날 따뜻한 밥 한번 못 사주고
그대가 좋아한 장미꽃 한송이조차
건네지 못했던 나를 용서할수 있나요
미안해요

사는게 힘들어 모든걸 버리고 싶었지만
그대의 뜨거운 눈물이 맘에 걸려
지금껏 살아요

그대는 나만의 여인이여
아직도 못다한 말 그댈 사랑해요",용서 생일날 눈물 손한번 고생 옷한벌 못다한 미안 장미꽃 여인이 무심 사랑 한번 세상 한송이 모든걸 밥 얼굴 따뜻한 등불이
2001,4,이기찬,또 한번 사랑은 가고,발라드,"울고 있는
내 모습이 이 젠
항상 나만
이러는게 이젠
너무 지겨워서
너무 한심해서
웃으며 보내보려고
해봤어
연습했던
그 멋진 표정도
준비했던
이별의 말들도
헤어지잔 너의
한마디 말 앞에
모두 잊어버린채
또 난 눈물만 흘렸어
난 이렇게
바라보고 있고
넌 그렇게
멀어져만 가고
또 내 눈엔
눈물이 흐르고
또 한번
사랑은 가고
멀어지는 모습
보는 일이
흐르는 눈물
감추는 일이
너무 익숙해서
많이 겪어봐서
이제 난 웃는 법까지
배웠어 음
사랑하고도
널 보냈듯이
헤어지고도
널 간직할게
다만 한가지
내가 정말 두려운 거는
다시는 맘을
열지 못할까봐 오
난 이렇게
바라보고 있고
넌 그렇게
멀어져만 가고
또 내 눈엔
눈물이 흐르고
또 한번
사랑은 가고
오 난 이렇게
바라보고 있고
넌 그렇게
멀어져만 가고
또 내눈엔
눈물이 흐르고
또 한번 사랑은 가고
또 한번 사랑은 가고",표정 눈물 헤어지잔 모습 눈 연습 오 채 한심해 내눈엔 일 법 음 들 한가지 간직할 준비 익숙 사랑 한번 젠 이별 이젠 못할까봐 이러는게 한마디
2001,5,왁스,화장을 고치고,발라드,"우연히 날 찾아와 사랑만 남기고 간 너

하루가 지나 몇 해가 흘러도

아무 소식도 없는데 세월에 변해버린

날 보면 실망할까봐 오늘도 나는

설레이는 맘으로 화장을 다시 고치곤해

아무것도 난 해준게 없어

받기만 했을뿐 그래서 미안해

나같은 여자를 왜 사랑했는지

왜 떠나야 했는지 어떻게든

우린 다시 사랑해야 해


살다가 널 만나면

모질게 따지고 싶어 힘든 세상에

나홀로 남겨두고 왜 연락 한번 없었느냐고

아무것도 난 해준게 없어 받기만 했을뿐

그래서 미안해 나같은 여자를

왜 사랑했는지 왜 떠나야 했는지

어떻게든 우린 다시 사랑해야해

그땐 너무 어려서 몰랐던 사랑을

이제야 알겠어- 보잘것 없지만

널 위해 남겨둔 내 사랑을 받아줘

어떻게든 우린 다시 사랑해-야해",연락 소식 화장 여자 몇 미안 사랑해 오늘 사랑 한번 그땐 세상 뿐 고치곤해 보잘것 하루 실망할까봐 나홀 아무것 세월
2001,6,박효신,먼곳에서,발라드,"지금 너는 내일을 믿고 있는지
칠흙같은 밤들이 지나고
아무일도 없었던 것처럼
눈을뜨면 새롭게 시작되는 아침을
언젠간 이렇게 될 수 있길 바랬지
너의 슬픔이 모두 끝날 수 있게
잊어버려 그게 너를 위한 일이라면
함께 했던 우리의 약속들을
나는 지금 여기 있어
바로 너의 곁에 있어
그렇지만 너에겐 보이지 않는것일뿐
내가 너를 지켜줄게
더 이상 아프지 않게
이제 나를 잊어버릴 수 있게

언젠간 이렇게 될 수 있길 바랬지
너의 슬픔이 모두 끝날 수 있게
잊어버려 그게 너를 위한 일이라면
함께 했던 우리의 약속들을
나는 지금 여기 있어
바로 너의 곁에 있어
그렇지만 너에겐 보이지 않는것일뿐
내가 너를 지켜줄게
더 이상 아프지 않게
이제 나를 잊어버릴 수 있게
나는 지금 여기 있지
바로 너의 곁에 있지
그렇지만 너에겐 보이지 않는것일뿐
내가 너를 지켜줄게
더 이상 아프지 않게
이제 나를 잊어버릴 수 있게",시작 약속들 뿐 아침 눈을뜨 있길 일 곁 밤 칠흙같 내일 아무일 이상 언젠간
2001,7,핑클 (Fin.K.L),당신은 모르실거야 (CF - LIG 핑클편),발라드,"당신은 모르실 거야
얼마나 사랑했는지
세월이 흘러가면은
그때서 뉘우칠 거야
When a think about feel
about him
I'm not really sure
If I want to
give my heart away
If it's love or just a game
마음이 서글플 때나
초라해 보일때에는
이름을 불러주세요
나 여기 서 있을 게요
두 눈에 넘쳐 흐르는
뜨거운 나의 눈물로
당신의 아픈 마음을
깨끗이 씻어드릴게
당신은 모르실 거야
얼마나 사랑했는지
뒤돌아 봐 주세요
당신의 사랑은 나요
When a think about feel
about him
I'm not really sure
If I want to
give my heart away
If it's love or just a game
두 눈에 넘쳐흐르는
뜨거운 나의 눈물로
당신의 아픈 마음을
깨끗이 씻어드릴게
당신은 모르실 거야
얼마나 사랑했는지
뒤돌아 봐 주세요
당신의 사랑은 나요
당신의 사랑은 나요",눈물 넘쳐흐르 마음 초라해 씻어드릴게 사랑 그때 당신 이름 게요 눈 세월
2001,8,god,길,발라드,"내가 가는 이 길이 어디로 가는지
어디로 날 데려가는지
그곳은 어딘지
알 수 없지만 알 수 없지만
알 수 없지만
오늘도 난 걸어가고 있네
사람들은 길이 다 정해져 있는지
아니면 자기가 자신의 길을
만들어 가는지
알 수 없지만 알 수 없지만
알 수 없지만
이렇게 또 걸어가고 있네
나는 왜 이길에 서 있나
이게 정말 나의 길인가
이 길의 끝에서 내 꿈은 이뤄질까
무엇이 내게 정말 기쁨을 주는지
돈인지 명옌지 아니면
내가 사랑하는 사람들인지
알고 싶지만 알고 싶지만
알고 싶지만
아직도 답을 내릴 수 없네
자신있게 나의 길이라고
말하고 싶고 그렇게 믿고
돌아보지 않고 후회도 하지 않고
걷고 싶지만 걷고 싶지만
걷고 싶지만
아직도 나는 자신이 없네
나는 왜 이 길에 서 있나
이게 정말 나의 길인가
이 길의 끝에서 내 꿈은 이뤄질까
나는 무엇을 꿈꾸는가
그건 누굴 위한 꿈일까
그 꿈을 이루면 난 웃을 수 있을까
오 지금 내가
어디로 어디로 가는 걸까
나는 무엇을 위해
살아야 살아야만 하는가
나는 왜 이 길에 서 있나
이게 정말 나의 길인가
이 길의 끝에서 내 꿈은 이뤄질까
나는 무엇을 꿈꾸는가
그건 누굴 위한 꿈일까
그 꿈을 이루면 난 웃을 수 있을까",사람 후회 답 자기 어디 돈 있을까 누굴 무엇 오늘 사랑 사람들 이길 어딘지 끝 그곳 명옌지 그것 꿈 자신
2001,9,김동률,다시 사랑한다 말할까,발라드,"마치 어제 만난 것처럼
잘있었냔 인사가 무색할 만큼
괜한 우려였는지
서먹한 내가 되려 어색했을까
어제 나의 전활 받고서
밤새 한숨도 못 자 엉망이라며
수줍게 웃는 얼굴
어쩌면 이렇게도 그대로일까
그땐 우리 너무 어렸었다며
지난 얘기들로 웃음짓다가
아직 혼자라는 너의 그 말에
불쑥 나도 몰래 가슴이 시려
다시 사랑한다 말할까
조금 멀리 돌아왔지만
기다려왔다고
널 기다리는게
나에게 제일 쉬운 일이라
시간이 가는 줄 몰랐다고
다시 사랑한다 말할까
여전히 난 부족하지만
받아주겠냐고
널 사랑하는게
내삶에 전부라
어쩔 수 없다고 말야
그땐 사랑인줄 몰랐었다며
가끔 내 소식을 들을때마다
항상 미안했단 너의 그 말에
불쑥 나도 몰래 눈물이 흘러
다시 사랑한다 말할까
언젠가는 내게 돌아올
운명이었다고
널 잊는다는 게
나에게 제일 힘든 일이라
생각 조차 할 수 없었다고
다시 사랑한다 말할까
좋은 친구처럼
편하게 받아주겠냐고
다시 태어나도
널 사랑하는게
내 삶에 이유란 말야
다시 사랑한다 말할까
조금 멀리 돌아왔지만
기다려왔다고
널 기다리는게
나에겐 제일 쉬운 일이라
시간이 가는 줄 몰랐다고
다시 사랑한다 말할까
여전히 난 부족하지만
받아주겠냐고
널 사랑하는게
내삶에 전부라",어색 눈물 무색 우려 소식 시간 삶 인사 얘기들 엉망 일 내삶 이유 어제 미안 전부라 활 가슴 한숨 사랑 친구 서먹한 생각 그땐 부족 얼굴 운명 만큼 전부 잘있었냔 조차
2001,10,양파,Special Night,발라드,"On the special night
I want to tell you
how much I love you

나 그대에게 다 고백할게
아무 약속 없는
친구 사인 너무 힘들어
그냥 말없이 눈 감아요
조심스레 눈뜨면 거짓말처럼
내 모든 걸
사랑하게 되는 운명이죠
On the special night
I want you to know
나 그댈 사랑해요
곁에 있어도 너무 보고 싶어
이런 순간이 다신 없겠죠
My love
나 그대에게 다 감사해요
어두운 내 맘도
우리 행복으로 숨쉬죠
바라만 봐도 좋은 그대
조심스레 꿈 깨면 거짓말처럼
이 모든 게
사라져 버리진 않겠지요
On the special night
I want you to know
나 그댈 사랑해요
먼 훗날 우리 지금 모습처럼
내 안에 그대 영원하겠죠
My love
나 두 번 다시 후횐 않겠죠
그대와 함께라면 이젠
On the special night
I want you to know
나 그댈 사랑해요
곁에 있어도 너무 보고 싶어
이런 순간이 다신 없겠죠
My love",버리진 순간 모습 눈 거짓말 행복 훗날 안 사랑 친구 영원 고백할게 사 곁 운명 감사 이젠 후횐 약속
2001,11,이소라,제발,발라드,"잊지 못해 너를 있잖아
아직도 눈물 흘리며 널 생각해
늘 참지 못하고 투정 부린 것 미안해
나만 원한다고 했잖아
그렇게 웃고 울었던 기억들이
다른 사랑으로 잊혀져
지워지는게 난 싫어
어떻게든 다시 돌아오길 부탁해
처음으로 다시 돌아가길 바랄게
기다릴게 너를 하지만
너무 늦어지면은 안돼
멀어지지마 더 가까이 제발
모든걸 말할수 없잖아
마지막 얘길 할테니 좀 들어봐
많이 사랑하면 할수록
화만 내서 더 미안해
어떻게든 다시 돌아오길 부탁해
처음으로 다시 돌아가길 바랄게
기다릴게 너를 하지만
너무 늦어지면은 안돼
멀어지지마 더 가까이
잊지 말고 다시 돌아오길 부탁해
헤어지면 가슴 아플거라 생각해
기다릴게 너를 하지만
너무 늦어지면은 안돼
멀어지지마 더 가까이 제발
제발 제발",눈물 멀어지지마 부탁 투정 바랄게 부탁해 마지막 미안 얘길 화 가슴 돌아가길 사랑 처음 생각 미안해 모든걸 기억 돌아오길 기다릴게 생각해
2001,12,조규찬,Baby Baby,발라드,"이런 나를 상상할 수 없겠죠
차갑기만 했던 사람이
세상 모든게 의미없는 것처럼
사진 한장에 웃고 우는 모습
그대 없는 내가 나을것 같다며
지쳐 떠나버린 그대
이젠 나 없이도 행복할텐데
해마다 오는 그대의 날엔
그댈 너무 보고싶은걸
baby baby baby
기억하나요
baby my baby
언제나 걷던 그길로
그대 와주면 돼요
오늘이 내게는 오랜 기다림
그대에게는 우연같은 만남 baby
이런 나를 이해할수 없겠죠
바라기만 했던 사람이
아무런 기대없이 이렇게
그댈 멀리서 혼자 바라보는 모습
그대없는 내가 나을것 같다며
지쳐 떠나버린 그대
이젠 나 없이도 행복할텐데
해마다 오는 처음 만난 날엔
그댈 너무 보고싶은걸
baby baby baby
기억하나요
baby my baby
언제나 걷던 그길로
그대 와주면 돼요
오늘이 내게는 오랜 기다림
그대에게는 우연같은 만남 baby
일년에 단 한번만이라 해도
그댈 만날수만 있다면
또다시 일년을 버틸수 있게
오 그럴수 있잖아요
baby baby baby
기억하나요
baby my baby
언제나 걷던 그길로
그대 와주면 돼요
오늘이 내게는 오랜 기다림
그대에게는 우연같은 만남
baby baby baby
기억하나요
baby my baby
언제나 걷던 그길로
그대 와주면 돼요
오늘이 내게는 오랜 기다림
그대에게는 우연같은 만남",한번만 상상 리 의미 일년 사람 모습 그길 오 행복 한장 그대없 이해 오늘 기대 세상 기억 만남 우연 이젠 보고싶은걸
2001,13,성시경,내게 오는 길,발라드,"지금 곁에서 딴 생각에 잠겨
걷고 있는 그대
설레는 마음에 몰래
그대 모습 바라보면서
내 안에 담아요
사랑이겠죠
또 다른 말로는 설명 할 수 없죠
함께 걷는 이 길
다시 추억으로 끝나지않게
꼭 오늘처럼 지켜갈게요
사랑한다는 그 말 아껴둘 걸 그랬죠
이젠 어떻게 내 맘 표현해야 하나
모든 것이 변해가도
이 맘으로 그대 사랑할게요
망설였나요
날 받아주기가 아직 힘든가요
그댈 떠난 사람
그만 잊으려고 애쓰지마요
나 그때까지 기다릴테니
사랑한다는 그 말 아껴둘 걸 그랬죠
이젠 어떻게 내 맘 표현해야 하나
모든 것이 변해가도
이 맘으로 그대 사랑할게요
눈물이 또 남아있다면 모두 흘려버려요
이 좋은 하늘 아래 우리만 남도록
사랑할 수 있나요 내가 다가간만큼
이젠 내게 와줘요 내게 기댄 마음
사랑이 아니라해도 괜찮아요
그댈 볼 수 있으니
괜찮아요 내가 사랑할테니",지켜갈게요 눈물 사람 모습 설명 아니라해 하늘 추억 표현 오늘 안 사랑 생각 하나 마음 곁 아래 만큼 그때 사랑할게요 애쓰지마요 이젠
2001,14,토이 (Toy),좋은 사람 (Feat. 김형중),발라드,"오늘은 무슨일 인거니
울었던 얼굴 같은걸
그가 너의 마음을 아프게 했니
나에겐 세상 젤 소중한 너인데
자판기 커피를 내밀어
그 속에 감춰온 내 맘을 담아
고마워 오빤 너무 좋은 사람이야
그 한마디에 난 웃을뿐
혹시 넌 기억하고 있을까
내 친구 학교 앞에 놀러왔던 날
우리들 연인같다 장난쳤을 때
넌 웃었고 난 밤 지새웠지
네가 웃으면 나도 좋아
넌 장난이라 해도
널 기다렸던 날 널 보고 싶던 밤
내겐 벅찬 행복 가득한데
나는 혼자여도 괜찮아
널 볼 수만 있다면
늘 너의 뒤에서 늘 널 바라보는
그게 내가 가진 몫인것만 같아
친구들 지겹다 말하지
늘 같은 노랠 부르는 나에게
하지만 그게 바로 내 마음인걸
그대 먼곳만 보네요
혹시 넌 그날 내 맘을 알까
우리들 아는 친구 모두 모인 밤
술취한 널 데리러 온 그를 내게
인사시켰던 나의 생일 날
네가 좋으면 나도 좋아
네 옆에 그를 보며
나완 너무 다른 난 초라해지는
그에게 널 부탁한다는 말 밖에
널 울리는 사람과
위로 밖에 못하는 나
네가 웃으면 나도 좋아
넌 장난이라 해도
널 기다렸던 날 널 보고 싶던 밤
내겐 벅찬 행복 가득한데
나는 혼자여도 괜찮아
널 볼수만 있다면 나
늘 너의 뒤에서 늘 널 바라보는
그게 내가 가진 몫인것만 같아",자판기 마음인걸 가득한데 그날 사람 장난 부탁 밖 우리들 인사 행복 몫 소중 뒤 같은걸 나완 젤 먼곳만 밤 옆 연인 오늘 혼자 친구들 생일 친구 커피 세상 오빤 뿐 기억 학교 얼굴 마음 무슨일 초라 내겐 노랠 한마디
2001,15,김범수,하루,발라드,"사랑이 날 또 아프게해요
사랑이 날 또 울게 하네요
다시는 못쓰게 된 내 가슴은
이렇게 아픈데
사랑은 잔인하게 떠나가네요
정말 내가 괜찮을까요
그대가 한 그 인사처럼
그래 그댄 눈 가린채
모르는 척 떠나는게
차라리 편할 테죠
변할 수도 있을 거에요
저 바람도 매일이 다른데
그래도 이 세상에
살고 싶단 행복을 준건
너무나도 고마웠어요
사랑이 날 또 아프게해요
사랑이 날 또 울게 하네요
그렇게 사랑했던
추억마저 잊어달라며
사랑은 잔인하게 떠나가네요
잊을 수도 있을거예요
그대처럼 나도 변하겠죠
하지만 그날까지
내가 어찌 살아낼까요
벌써 그댈 보고 싶어요
사랑이 날 또 아프게해요
사랑이 날 또 울게 하네요
그렇게 사랑했던
추억마저 잊어달라며
사랑은 잔인하게 떠나가네요
이렇게 또 하루가
지나가네요
남겨진 모든 걸 가져가줘요
참을 수가 없는 아픔도 기억도
사랑이 날 또 아프게 하네요
사랑이 날 또 울게 하네요
다시는 못쓰게된 내 가슴은
이렇게 아픈데
사랑은 꿈을 깨듯 허무하네요
이렇게 또 하루가 지나가네요",허무 그댄 눈 잊어달라 준건 인사 잔인 채 행복 매일 추억 가슴 사랑 있을거예요 세상 테 기억 하루 그날 꿈
2001,16,임재범,사진속에 담긴 추억,발라드,"나의 기억속에 남겨진
그대 모습
이젠 정말 잊어야만해
흘러만 가는 시간처럼
그대 그리움이
안타까운 마음만 주네
소리없는 슬픔만
나의 맘에 쌓이고
희미해진 불빛속에
떠나버린 그대여
내 사랑 나의 사랑
어둠이 다가오네
눈 감으면 그대가
내 곁에 있는데
멀리 떠나갔지만
그대만을 사랑해
사진 속에 담긴 추억들도
이젠 잊어야만 해

이젠 이별뒤에 남겨둔
슬픈 사랑
나의 웃음 흩어져가네
아득하게만 느껴지는
그대 마음처럼
모든것이 멀어만지네
소리없는 슬픔만
나의 맘에 쌓이고
희미해진 불빛속에
떠나버린 그대여
내 사랑 나의 사랑
어둠이 다가오네
눈 감으면 그대가
내 곁에 있는데
멀리 떠나갔지만
그대만을 사랑해
사진 속에 담긴 추억들도
이젠 잊어야만해",소리 아득 모습 모든것 눈 시간 웃음 잊어야만해 추억들 어둠 사랑해 사랑 지 마음 곁 불빛속 기억속 이별뒤 그리움 이젠 희미
2001,17,YB (윤도현 밴드),내게 와 줘,록/메탈,"햇살처럼 눈부시게
내 마음에 쏟아지는
아름다운 그녀 모습
내 마음을 설레게 해
혹시 오늘 아침에도
그녈 만날 수 있을까
그럼 이제 용기를 내서
한번 말을 걸어볼까
아침마다 항상 힘들게
눈을 뜨던 나를 이제
달콤하게 깨우는
그녀 생각
자꾸 자꾸
웃음이 나와
나의 마음속의 그녀
내 맘을 간지럽히나봐
태연한 척 애써봐도
내 가슴을 뛰게 하는
아름다운 그녀 모습
점점 다가오고 있네
오늘은 꼭 그녀에게
좋아한다 말해야지
무슨말을 먼저할까
어떤 표정을 지을까
하지만 내곁을 무심히
스쳐 지나가는 그녀
다른 남자품으로
달려가네
한낱 꿈에 불과했었나
그녀를 원한 나의 마음
또 다시
무참히 깨지네
어디있나 내 사랑은
언제까지
외롭게 날
기다리게 할까

어디있나 내 사랑은
언제까지
외롭게 날
기다리게 할까
누구일까 내 사랑은
언제까지
외롭게 날
기다리게 할까
Oh oh
oh oh oh oh
이젠 나도
사랑하고 싶어
Oh oh
oh oh oh oh
어디있나
이젠 내게와줘",간지럽히나봐 태연한 표정 내곁 모습 눈 달콤 누구 햇살 웃음 어디있나 무슨말 그녀 가슴 오늘 사랑 한번 생각 그녈 아침 마음 언제 불과 먼저할까 이젠 용기 마음속 꿈 남자품
2001,18,윤미래,시간이 흐른 뒤 (As Time Goes By),R&B/Soul,"마지못해 살아가겠지 너 없이도
매일 아침 이렇게 일어나
밤새 조금씩 더
무뎌져 버린 기억속에서
애써 너의 얼굴을 꺼내어 보겠지
시간이란 누구에게나 느린
아픔을 주는지 우
힘든 하루 속에도
늘 니 생각뿐인 난
눈물마저도 말라가는데
as time goes by
난 그게 두려운 걸
니 안에서 나의 모든 게
없던 일이 될까봐 우
눈 감으면 늘 선명하던 니가
어느 순간 사라질까봐
정말 겁이나는 걸
이별이란 서로에게서
지워지는 거라지만 우
많은 사람속에도 늘
니 걱정 뿐인 나
시간마저도 붙잡고 싶은데
as time goes by
난 그게 두려운 걸
니 안에서 나의 모든 게
없던 일이 될까봐 우
눈 감으면 늘 선명하던 니가
어느 순간 사라지게 될까봐
내가 없는 세상이
너는 괜찮은 건지
너에게 잊을만한 추억일 뿐인지
참으려 애를 써도 늘 보고픈 나는
니가 아니면 안될 것 같은데
you're the one as time goes by
난 여기 있어줄게
셀 수 없는 밤이 지나도
사랑했던 그대로 우
혹시라도 너 돌아 오게 되면
단 한번에 나를 찾을 수 있게
as time goes by",순간 눈물 걱정 될까봐 눈 보고픈 시간 누구 일 추억 조금씩 밤 사람속 안 사랑 한번 이별 생각 세상 뿐 아침 얼굴 하루 선명 만 겁 기억속 애 사라질까봐 서로
2001,19,최재훈,편지 (Original Ver.),발라드,"내 영혼이 내 몸을 벗고 자유롭게 될거야
그럼 나의 사랑도 힘든 세상에다 두고 갈거야
그림자로 살아갈 만큼 강한 내가 아니야
널 갖지 못한 나 슬픔이 많던 나 모두 함께 태워 뿌려줘
널 처음 본 날 영화처럼 스쳐가 내 운명을 돌려놓은 그날이
이 세상은 감히 널 선택한 벌이 었나봐
니가 없는 곳에 태어날거야 워~
깨우지마 널 잊게 될테니 가엾은 날 너무 욕하지는마
내가 너로 인해 떠났다고 힘들어도마 그저 새로 시작하고 싶었어
사랑했어 그래서 내가 미치기 전에
멈춰야만 했어 나도 내 사랑이 힘에 겨워서
널 처음 본 날 영화처럼 스쳐가 내 운명을 돌려놓은 그날이
이 세상은 감히 널 선택한 벌이 었나봐
니가 없는 곳에 태어날거야 워~
깨우지마 널 잊게 될테니 가엾은 날 너무 욕하지는마
내가 너로 인해 떠났다고 힘들어도마 그저 새로 시작하고 싶었어
사랑했어 그래서 내가 미치기 전에 멈춰야만 했어 나를
널 다치게 할까봐 끝도 없이 달릴 사랑때문에
이젠 멈춰진 거야 나도 내 사랑도 정말 힘에 겨웠어",시작 깨우지마 갈거야 힘 할까봐 영혼 사랑때문 겨워서 겨웠어 그림자 었나봐 영화 힘들어도마 사랑 벌 세상 태어날거 몸 운명 선택 될거야 전 만큼 끝 욕하지는마 이젠 자유 그날
2001,20,드렁큰 타이거,Good Life,랩/힙합,"한잔 두잔 비워내는 술잔
혀를 지나 목구멍으로
넘어가는 순간
이제부터 시작되는 너와나의 시간
흘러가는 나그네들에 유일한 위안
한잔의 데낄라 같은 쓰디쓴
내 인생은
one shots liquorshots to my
세상 의미
현재 우물안 같은 버림
내 삶 깊이
너와나 old my time
바꿔 삶에 그림자 같은 의미
끝없는 경쟁 속에 나는 우정속에
터지는 기쁨에 눈물 조이는 내 목에
텅 빈 내맘 위해 불러보는
슬픈노래 손에
슬픈 술잔 속에 친구 자니
be walking the dark until he's
back bright back
힙합은 나의 술 so where are
you at
이젠 내 가슴에 파인 상처로 매꿔
그리고 마셔
여지껏 쌓인 나의 울분을 토해 뱉어
채워줄께 가득히 one shots
잔을위로 come on 머리위로
come on
건배 to my 세상 yo everybody
come on
우리위한 축배를 one shots
잔을위로 come on 머리위로
come on
건배 to my 세상 yo everybody
come on
yo 조용히 히 해 내 말좀 들어봐봐
내 술잔처럼 깨져버린 내인생의
drama
나를 버리고 간 너 곧 후회하지 지
지금 누구도 나를 건든다면
후회하지 히
나는 drunken 주정뱅이 끝없이
지껄이는 나
비틀비틀거리는 yo 쓰러져가는 팽이
괜히 저 눈길이 가는 저 table에 lady
the we can make wah we can
make better
항상 내 기대치만큼 더 이상에 만큼
좀 더 깊이 다가가지 못할지라도
항상 텅빈 나의 가슴 채우지
못할지라도
내 인생과 난모든 진실을 위해
내 인생 그것을 위해 우리들에 입에
straight on shots 독한물에 취해 나에
심장으로 부터나온 삶에 많은 얘기
후에 clark와 같이 바람과 함께
나는 사라지네
채워줄께 가득히 one shots
잔을위로 come on 머리위로
come on
건배 to my 세상 yo everybody
come on
우리위한 축배를 one shots
잔을위로 come on 머리위로
come on
건배 to my 세상 yo everybody
come on
채워줄께 가득히 one shots
잔을위로 come on 머리위로
come on
건배 to my 세상 yo everybody
come on
우리위한 축배를 one shots
잔을위로 come on 머리위로
come on
건배 to my 세상 yo everybody
come on
채워줄께 가득히 one shots
잔을위로 come on 머리위로
come on
건배 to my 세상 yo everybody
come on
우리위한 축배를 one shots
잔을위로 come on 머리위로
come on
건배 to my 세상 yo everybody
come on",시작 조 순간 팽이 눈물 의미 독한물 현재 후회 비틀비틀거리 히 매꿔 눈길 데낄라 시간 난모든 삶 우리들 손 누구 저 이상 한잔 인생 슬픈노래 축배 술 그림자 위안 술잔 우리위한 얘 진실 건배 너와나 주정뱅이 바람 혀 입 경쟁 목 잔을위 내인생 심장 부터나온 가슴 목구멍 말좀 친구 후 세상 나그네들 지 그것 분 파 자 두잔 건든다 힙합 만큼 이젠 상처 기대치 우물안 머리위 우정속
2001,21,박상민,하나의 사랑,발라드,"가슴속에 차오르는 그대
이렇게 외면 하지만
나는 이미 알고있잖아
그댈 원하고 있어
날 바라보는 그대 눈빛 속에
영원히 머물고 싶어
함께 할 수 없는 사랑을
이젠 견딜 수가 없어
다가갈수록 멀어지는
그대 뒷모습 바라보고 있어
돌아서서 젖어오는 슬픔을
그댄 알 수 없을꺼야
서로 잠시 멀리 있다해도
이제는 느낄수 있어
오직 내가 꿈꿔왔던건
그대라는 단 하나의 사랑
다가갈수록 멀어지는
그대 뒷모습 바라보고 있어
돌아서서 젖어오는 슬픔을
그댄 알 수 없을꺼야
그댄 알 수 없을 꺼야",가슴속 눈빛 하나 없을꺼야 꿈꿔왔던건 차오르 사랑 그댄 외면 이젠 원 뒷모습 있다해
2001,22,해이,Je T'aime,발라드,"창문을 두드리는 깨끗한 빗소리에
널 만나기전 설렘이 더해가고
영화를 보러갈까 어디로든 떠나볼까
투명하게 물든 거리를 함께 걸어볼까
조금 더 가까이 작은 우산속에
내 한쪽 어깨끝이 다 젖어도 난 좋은걸

널 사랑하나봐 사랑에 빠졌어
이 기분좋은 느낌이 변함없길 바래
널 사랑하나봐 자꾸 보고싶어
매일 모닝커피를 너와 들고 싶어

언제나 힘겨울 때 내게 올 그런사람
애써 얘기하지 않아도 아는 사람
가끔씩 화를내고 때론 내가 토라져도
오랜 친구처럼 살며시 나를 꼭 안아줘
조금씩 다가와 나를 보여줄게
은은한 향기처럼 나의 곁에 머물러줘

널 사랑하나봐 사랑에 빠졌어
이 기분좋은 느낌이 변함없길 바래
널 사랑하나봐 자꾸 보고싶어
매일 모닝커피를 너와 들고 싶어

널 사랑하나봐 꿈은 아니겠지
비를 타고 찾아온 수줍은 내 사랑
널 사랑하나봐 너무나 행복해
언제나 투명하게 나만 사랑해줘
toi et moi eternellement",보러갈까 우산속 사람 바 화를내 거리 어디 비 행복 얘기 조금씩 그런사람 투명 영화 향기 어깨끝 사랑 친구 창문 좋은걸 쪽 변함없길 빗소리 곁 때론 은은 토라져도 깨끗한 모닝커피 꿈
2001,23,애즈원,천만에요,R&B/Soul,"그가 먼저 나간 뒤홀로 남아
리필을 청했죠
커필 기다리면서 잠시
화장을 고쳤죠
문득 지갑 속에 남은 그가
생각이 났죠
웃는 그를 잘게 조각내 반쯤
남은 잔에
모두 털어버린 거죠
아마도 그는 내가 지금쯤은
너무 걱정돼 미치겠죠 자기가
버리곤
상심한 그 나머지 혹 차에
뛰어들진 않을까
천만에요 멀쩡해요 난
까펠 나온 다음엔 이곳저곳
쇼핑을 했죠
가장 화려한 걸로 옷도
한아름 골랐죠
한참 돌아다닌 동안 차츰
허기가 졌죠
남자친구 생각이 났죠
너 전활 하자마자
금새 달려 와 준거죠
아마도 그는 내가 지금쯤은
너무 불안해 미치겠죠 그렇게
떠난 후
살고 싶지 않아져 딴 생각을
하지 않을까
천만에요 멀쩡해요 난
늘 알고 싶었죠 정말 알고 싶었죠
대체 사람들이 이별한 뒤에
그 심정을
알 것 같네요 나 어떤 마음인지
슬픈 것도 아닌 이 기분
하루 온종일 우울할 새 없도록
내 멋대로 살 거예요
어쩜 오히려 나보다 더 그가
이젠 가슴이 허전하고 힘들지
몰라요
그럴지도 모르죠 나 기다리며
후횔할런지
천만에요 필요없죠 난
헌데 아마도 눈물샘이
고장난 거 같아요
자꾸 눈물이 왜 흐르죠",필요 후횔할런지 이곳저곳 눈물 걱정 사람 허기 나머지 자기 쇼핑 거예요 화장 조각내 멀쩡 리필 뒤 뒤홀 차 걸 까펠 심정 뛰어들진 다음 기분 반쯤 화 활 가슴 눈물샘 지갑 커필 잔 생각 후 이별 남자친구 허전 마음 하루 상심 한아름 금새 이젠 불안 옷 준거 우울 동안 천만에요
2001,24,임창정,기다리는 이유,발라드,"그댈 보내도 되나요
처음으로 되돌아 갈 수 있나요
나 없이 안 된다던 그대가
혼자 가기엔 먼 길이 될텐데

눈물 보이면 되는지
잘 살라고 손잡아 주면 되는지
어떻게 헤어져야 하는지
내가 배운 건 사랑이 전분데

울지 말아요 그대 맘을
채우지 못했던 날 탓해요
이별은 혼자서도 할 수 있나요 워-
내 허락이 없이도 끝을 향해 가겠죠
미안해요 나의 곁에서
더 힘들었을 거라고
차라리 믿을께요 아파도-

그대 내게 준 것처럼
나 받은 걸 모두 주면 되는지
추억도 이젠 짐이 되나요
내게 남은건 그 하나뿐인데
울지 말아요 그대 맘을
채우지 못했던 날 탓해요

이별은 혼자서도 할 수 있나요 워-
내 허락이 없이도 끝을 향해 가겠죠
미안해요 나의 곁에서
더 힘들었을 거라고
차라리 믿을께요 아파도

이 세상에겐 비밀로 해요
함께 해왔던 그 날처럼 늘 이대로
사랑은 혼자서도 할 수 있겠죠 워-
그대 상관 없이도 잊지 못할 나니까
괜찮아요 영원한 슬픔에
끝내 살아간대도
내 기다릴 이윤 그댈 테니-",이윤 눈물 허락 상관 살아간대 추억 미안 전분데 혼자 사랑 처음 영원 이별 세상 테 비밀 하나 이대 곁 끝 이젠 남은건
2001,25,김현정,떠난 너,댄스,"Why Why 속절 없는 사랑아
이미 떠나 버린 사랑아
Hi Hi 나도 울고 너 울고
우리 모두 울고 간 사람
Bye Bye 혼자 남은 내 마음
상처로 깨지고 아프고
아아 버틸 수 있는 모든 걸
아아 가져가버린
내 마음 깊은 곳 모든걸
다 함께 가져가버린 너
바람처럼 사라져 가서
다른 어떤 곳에
다시 정착하려 하다니
너만 아는 사람
함께 하자 할 땐 언제고
그렇게 멀리 가
다신 우연히도 마주치지
않을 것처럼 떠난 너
So So 냉정하게 떠나가
바보 같이 떠난 사람아
혹시라도 말 못할 그런
일 있는 건지
I can feel who who you are
아아 내게 진실만을 말해 줘
아아 지쳐가버린
아아 날 버리고 가게 한 이유
고작 다른 여자라니
바람처럼 사라져 가서
다른 어떤 곳에
다시 정착하려 하다니
너만 아는 사람
함께 하자 할 땐 언제고
그렇게 멀리가
다신 우연히도 마주치지
않을 것 처럼
바람처럼 사라져 가서
다른 어떤 곳에
다시 정착하려 하다니
너만 아는 사람
함께 하자 할 땐 언제고
그렇게 멀리가
다신 우연히도 마주치지
않을 것 처럼 떠난 너
떠난 너
떠난 너",리 마음 언제 냉정 일 여자 사람 속절 정착 사랑 진실만 이유 처럼 상처 바보 모든걸
2001,26,임재범,너를 위해,발라드,"어쩜 우린 복잡한 인연에
서로 엉켜있는 사람인가봐
나는 매일 네게 갚지도 못할만큼
많은 빚을 지고 있어
연인처럼 때론 남남처럼
계속 살아가도 괜찮은 걸까
그렇게도 많은 잘못과 잦은 이별에도
항상 거기 있는 너
날 세상에서 제대로 살게해 줄
유일한 사람이 너란걸 알아
나 후회없이 살아가기 위해
너를 붙잡아야 할테지만
내 거친 생각과 불안한 눈빛과
그걸 지켜보는 너
그건 아마도 전쟁같은 사랑
난 위험하니까 사랑하니까
너에게서 떠나줄꺼야

날 세상에서 제대로 살게해 줄
유일한 사람이 너란걸 알아
나 후회없이 살아가기 위해
너를 붙잡아야 할테지만
내 거친 생각과 불안한 눈빛과
그걸 지켜보는 너
그건 아마도 전쟁같은 사랑
난 위험하니까 사랑하니까
너에게서 떠나줄꺼야
너를 위해 떠날꺼야",눈빛 사람 후회 남남 너란걸 거기 잘못 할테 위험 인연 연인 그걸 사람인가봐 복잡한 떠나줄꺼야 사랑 전쟁 생각 이별 세상 떠날꺼 만큼 때론 불안 빚 그것
2001,27,지누션,A-Yo,랩/힙합,"This is the tihs that y'all ain't ready for
This is the tihs that y'all ain't ready for
I said one for da money and two for da show
지누션함께면 너도 Champion
Hey Hey Hey (Hey Hey Hey~) I Said
새로 태어난 힙합 빠삐용
I said one for da money and two for da show
지누션과 함께면 너도 Champion
Hey Hey Hey (Hey Hey Hey~) I Said
새로 태어난 힙합 빠삐용
Yo, Microphone Check 1,2 Uh (A-yo)
아무도 누구도 날 몰라줄 때 (A-yo)
왕따가 구타당할 때 (A-yo)
빽 있어 유죄가 무죄가 될 때
배고플 때 밥이 없을 때 (A-yo)
누가 새 Timberland Boots 밟을 때 (A-yo)
사랑했던 네가 나 찰 때(A-yo)
네가 도리도리도리 춤을 출 때 (uh)
아파도 병원에 못 갈 때 (A-yo)
은메달 따고도 너 울 때 (A-yo)
차가 막혀 화 삭혀야 할 때 (A-yo)
집어쳐 (A-Yo) 이 음악에 미쳐
Let's git it on git it on ha ha
Let's bring it on bring it on ha c'mon
I said one for da money and two for da show
지누션과 함께면 너도 Champion
Hey Hey Hey (Hey Hey Hey~) I Said
새로 태어난 힙합 빠삐용
I said one for da money and two for da show
지누션과 함께면 너도 Champion
Hey Hey Hey (Hey Hey Hey~) I Said
새로 태어난 힙합 빠삐용
반가운 친구를 만날 때 난 (A-yo)
예쁜 여자가 눈길 보낼 때 난 (A-yo)
TV 쇼에 Hiphop이 나오면 난 (A-yo)
사고 싶은 옷을 선물 받을 때도 난
전화 받을 때 내가 하는 말 (A-yo)
웨이터를 부를 때도 난 (A-yo)
싸울 때도 (A-yo)
말릴 때도 (A-yo)
화해할 땐 (A-yo~)
은행 구좌 속에 돈이 가득찰 때 난 (A-yo)
내가 산 복권이 당첨이 됐을 때 난 (A-yo)
이렇게 기쁠 때 난(A-yo)
소리쳐 모두가 들을 수 있게
Let's git it on git it on ha ha
Let's bring it on bring it on ha c'mon
I said one for da money and two for da show
지누션과 함께면 너도 Champion
Hey Hey Hey (Hey Hey Hey~) I Said
새로 태어난 힙합 빠삐용
I said one for da money and two for da show
지누션과 함께면 너도 Champion
Hey Hey Hey (Hey Hey Hey~) I Said
새로 태어난 힙합 빠삐용
열받지 가끔씩 A-Yo
신나지 다 같이 A-Yo
모두 하나지 Hiphop
우린 이렇게 살지 사는게 다 그렇지
H-I-P H-O-P 그래 난 어차피
내가 얽매였던 고삐
내 안에 또 하나의 나를 깨워 깨워
다른 모든 것을 잠재워
I said one for da money and two for da show
지누션과 함께면 너도 Champion
Hey Hey Hey (Hey Hey Hey~) I Said
새로 태어난 힙합 빠삐용
A-YO!
I said one for da money and two for da show
지누션과 함께면 너도 Champion
Hey Hey Hey (Hey Hey Hey~) I Said
새로 태어난 힙합 빠삐용",고삐 전화 복권 당첨 지누션 쇼 아무 눈길 누구 돈 빠삐용 여자 차 구타 유죄 집어쳐 은행 난Ayo 무죄 모두 2 도리도리도리 지누션함께 화 안 사랑 친구 왕따 춤 병원 은메달 때Ayo 1 밥 선물 하나 힙합 구좌 음악 옷 웨이터
2001,28,김건모,Double,댄스,"차마 못볼 걸 보고 말았어 모르고 살았으면 될텐데
너무나 안좋았던 예감이 사실로 드러난거야
나보다 잘나보이는 사람 그 곁에 행복해 보이는 너
너무나 기가 막혀 웃는 나 운명의 장난인가봐

너는 다시 내게 돌아와 나를 사랑한다 말하고
그런 너를 보는 내 눈엔 눈물만이 흘러 내리고
나를 만나도 사랑하고 그를 만나 또 사랑하는
값싼 너의 사랑때문에 내 마음이 너무 슬퍼져

어제는 누구와 있었는지 전화는 왜 꺼져 있었는지
내가 잘못 본 거길 바라며 조심히 물어 보았어
어제는 너무너무 아파서 온종일 집에 있었노라며
너무나 태연하게 말하는 너에게 놀랄 뿐이야

가끔 전화벨이 울리면 왠지 불안해 보이는 너
아주 급한 약속있다며 뒤도 보지 않고 가던 너
나를 만나도 사랑하고 그를 만나 또 사랑하는
값싼 너의 사랑때문에 내 마음이 너무 슬퍼져

너는 다시 내게 돌아와 나를 사랑한다 말하고
그런 너를 보는 내 눈엔 눈물만이 흘러 내리고
나를 만나도 사랑하고 그를 만나 또 사랑하는
값싼 너의 사랑때문에 내 마음이 너무 슬퍼져

사랑이 나를 미치게 했어 사랑이 나를 아프게 했어
그렇게 믿었었던 사랑이 왜 내게 이러는 거야
하지만 이것만은 알아줘
너에겐 아무것도 아닌 사랑이
행복한 내 인생을 바꿔버렸어",전화 사람 사랑때문 눈물만 눈 예감 아무것 누구 행복 뒤 인생 이것 드러난거야 장난인가봐 어제 사실 기 사랑 집 뿐 마음 곁 운명 못볼 거길 불안 있었노라 안좋았던 전화벨 태연 약속
2001,29,쿨 (COOL),Jumpo Mambo,댄스,"음 무얼 하든지 너무
간섭 안하기
누굴 만나도 연락처는
주지 않기
집착 같은건 서로
만들지 않기
과거 따위는 유치하게
묻지 않기
jumpo mambo 외모 집안 학벌
jumpo mambo 직업 능력 성격
jumpo mambo 암만 따져봐도
모두 말짱 꽝
너를 알기엔 아직 너무 모자라
느낌은 좋은데 그게 뭔진
모르겠어
무작정 기다려 그러기엔 뭐하고
딱 잘라 너라고 결정할
순 없는걸
나 역시 그 말은 충분히
이해가 돼
이십년 가까이 따로 살았는데
도대체 서롤 얼마나 만났다고
쉽게 결정할 수 있겠어
같이 삽시다 살아 봅시다
과연 우리 서로 잘 맞는지
어떤지를 한번 겪어 보면 어떨지
같이 삽시다 살아 봅시다
그렇게 하고 싶지만 그럴 순 없어
아직 널 믿지 못 하겠어
jumpo mambo 헷갈리나 니도
jumpo mambo 헷갈린다 나도
jumpo mambo shakarinarina
jumpo mambo love
사랑이란 건 가슴 뛰고 설렌대
콩깍지 때문에 눈에 뵈는
것도 없대
가진걸 다줘도 아까운것 없고
사랑을 위해서 목숨까지 바친대
하지만 왜 그리 쉽게 들
끝내는지
한 번쯤 신중히 생각해 봐야 돼
나만이 너를 영원히 지켜줄게
그 맘 변하지 않을거야
같이 삽시다 살아 봅시다
과연 우리 서로 잘 맞는지
어떤지를 한번 겪어 보면 어떨지
같이 삽시다 살아봅시다
그렇게 하고 싶지만 그럴 순 없어
아직 널 믿지 못하겠어
오 같이 삽시다 살아봅시다
과연 우리 서로 잘 맞는지
어떤지를한번 겪어 보면 어떨지
같이 삽시다 살아 봅시다
그렇게 하고 싶지만 그럴 순 없어
이젠 날 믿지 못하겠어
왜 자꾸 다른 사람이 눈에
띄는지
이런 날 믿을 수 있겠니
긴말 하긴 싫어 그냥 이대로
내곁에
있어 주던지 말던지
갑자기 너 같지 않아서 불안했어
그래도 난 니가 좋은걸
jumpo mambo shakarinarina
jumpo mambo shakarinarina
jumpo mambo shakarinarina
jumpo mambo love
jumpo mambo",내곁 집착 다줘 학벌 않을거야 간섭 사람 같은건 서롤 집안 눈 뭔진 오 말짱 때문 어떤지 없대 바친대 음 직업 결정 순 이해 목숨 누굴 무엇 긴 없는걸 가슴 사랑 외모 한번 성격 따위 생각 어떤지를한번 좋은걸 어떨지 안하 연락처 능력 이대 가진걸 설렌대 이젠 불안 과거 유치 콩깍지 이십년
2001,30,크라잉넛 (CRYING NUT),밤이 깊었네,"인디음악, 록/메탈","밤이 깊었네 방황하며 춤을 추는 불빛들
이밤에 취해 [술에 취해] 흔들리고 있네요.
벌써 새벽인데 아직도 혼자네요
이 기분이 나쁘지는 않네요.항상 당신곁에 머물고 싶지만
이밤에 취해 [술에 취해] 떠나고만 싶네요.
이 슬픔을 알랑가 모르겄어요.
나의 구두여 너만은 떠나지 마요.
하나둘 피어오는 어린시절 동화같은 별을 보면서
오늘밤 술에 취한 마차타고 지친달을 따러가야지.
밤이 깊었네 방황하며 노래하는 불빛들
이밤에 취해 [술에 취해] 흔들리고 있네요

가지마라 가지마라 나를 두고 떠나지마라.
오늘 밤 새-빨간 꽃잎처럼 그대 발에 머물고 싶어.
딱 한 번만이라도 [가지마라 가지마라]
날 위해 웃어준다면 [나를두고 떠나가지마라]
거짓말이었대도 [가지마라 가지마라]
저별을 따다줄텐데 [나를두고 가지마라]
아침이 밝아오면 [가지마라 가지마라]
저 별이 사라질텐데 [나를 두고 떠나가지마라]
나는 나는 어쩌나 [가지마라]
차라리 떠나가주오. 워-어-오-
하나둘 피어오는 어린시절 동화같은 별을 보면서
오늘밤 술에 취한 마차타고 지친달을 따러가야지.
가지마라 가지마라 나를 두고 떠나지마라.
오늘 밤 새-빨간 꽃잎처럼 그대 발에 머물고 싶어.
날 안아 주어...",오늘밤 꽃잎 이밤 동화 나를두 저 술 지친달 밤 워어오 당신곁 방황 떠나가지마 불빛들 기분 마요 오늘 혼자 모르겄어요 별 춤 발 구두 새벽 떠나지마 알 아침 어린시절 마차타 가지마 거짓말이었대
2001,31,박화요비,눈물,R&B/Soul,"이럴 수는 없다고
못본걸로 하자고
그렇게 날 위로하며 울었어
혹시 내가 꿈을 꾼건 아닌지
내가 아는 그댄 아닌데
멈춰버린 눈물도
굳어버린 시선도
그 순간을 외면 할 순 없었어
차라리 헤어지잔 말이면
내 맘이 더 나을텐데
몰랐어 이제껏
그대 날 비추던 눈빛들은
그녈위한 연습이었단걸
oh I can't believe it
그댈 보내긴 싫어
어색한 그 눈빛도
혼자서 참아 내면 될텐데
oh I can't believe it
그대와 영원하길
난 약속했는데
이제와서 남겨진 건 눈물
조금씩 멀어져가겠지
그대 안엔 쉽게 버릴
내 사랑만 남아 있을테니까
oh I can't believe it
그댈 보내긴 싫어
어색한 그 눈빛도 혼자서
참아 내면 될텐데
oh I can't believe it
그대와 영원하길
난 약속했는데 이제와서
남겨진건
나 그댈 놓칠순 없어
더 남은 사랑 많은데
이대로 끝내기엔 아직 그댄
oh I can't believe it
나 아닌 누군가의
전부가 될 거란 걸
상상조차 할 수 없었는데
oh I can't give hold time
오직 그대만 바라본
슬픈 사랑은
남겨진건 끝이 없는 눈물",어색한 순간 눈빛들 눈물 헤어지잔 눈빛 상상 이럴 그녈위한 그댄 외면 위로 이제와 연습이었단걸 놓칠순 조금씩 순 시선 영원하길 약속 혼자 안 사랑 누군가 있을테니까 이제와서 거란 이대 남겨진건 못본걸 보내긴 끝 전부 꾼 꿈
2001,32,이승철,고백,댄스,"느낌이와 멀어져 가고 있는 느낌이와
이젠 떠나가줘 내곁에서 널 사랑했던 눈물도 이젠 없어
그 어느날 빗속에 가려진 내 눈물보며
이젠 기억할수 없을 만큼만 사랑해 달라며
내게 애원하던 너의 고백을 아직도 믿고 싶진 않지만
멀어져 간 너의 그 모습에 영원히 할수있을까
아쉬운 너의 기억이 잊혀질수만 있다면
널 다시 볼수 없음에 난 이제 행복해지려해..

너의 고백을 아직도 믿고 싶진 않지만
멀어져 간 너의 그 모습에 영원히 할수 있을까
아쉬운 너의 기억이 잊혀질수만 있다면
널 다시 볼수 없음에 난 이제 행복해지려해
아쉬운 너의 기억이 잊혀질수만 있다면
널 다시 볼수 없음에 난 이제 행복해지려해",내곁 행복 고백 기억 눈물 눈물보 만큼 사랑 애원 어느날 모습 이젠 빗속 싶진 행복해지 달라 사랑해
2001,33,성시경,미소천사,댄스,"You make my heart
keep pumpin'
I can't stop my self
lovin' you
You make my heart
keep pumpin'
I can't stop my self
lovin' you
You make my heart
keep pumpin'
I can't stop my self
lovin' you
You make my heart
keep pumpin'
I can't stop my self
lovin' you
Tell me that you love
me can not
stand that you're
never mine
you really break my heart
짜증내고 화를 내도 너의
미소만 보면 바보 같은나
넌 누가 봐도 아주 예쁘고
탐스러운 사과 같아
깨물어주고 싶어
안아주고 싶어
너의 핑크 빛 화살에 꽂혔어
넌 모두에게 늘 친절해
그래서 착각들 하지
나만의 애인인걸 잊지 않았다면
내게 더 이상 장난치지는마
욕심이 지나친 걸까
자신이 없는 걸까 불안한
마음뿐야
Tell me that you love me
can not stand that you're
never mine
you really break my heart
짜증내고 화를 내도 너의
미소만 보면 바보같은 나
Ya break my heart feeling
blue got no club
don't wanna leave Ya
i want to conceive ya
come to my complete mind
내게 다가와 나의 텅 빈
마음속을 채워줘
옆에 좀 있어줘 너만을
바라보고 있어
비어 있는 내마음 함께 있어줬음
지갑속의 네 사진은 노랗게
바래져 버렸어
애써 감추지 말아줘
넌 찡그려도 싫증 안나는
사랑스런 천사인걸
아무도 볼수 없게 숨겨두고 싶어
나만의 인형이면 안되겠니
힘겹게 내게 온 너를 잃고
싶지는 않아
불안한 마음뿐야
Tell me that you love me can
not stand that you're
never mine
you really break my heart
짜증내고 화를 내도 너의
미소만 보면 바보 같은 나
Tell me that you love me can
not stand that you're
never mine
you really break my heart
짜증내고 화를 내도 너의
미소만 보면 바보 같은 나
Tell me that you love me can
not stand that you're
never mine
you really break my heart
짜증내고 화를 내도 너의
미소만 보면 바보 같은 나",친절 아무 인형 미소 욕심 이상 누구 싫증 같은 화살 옆 바보 마음뿐야 않았다 모두 착각들 화 사랑 지갑속 짜증내 애인인걸 사 사진 천사인걸 빛 핑크 내마음 장난치지는마 불안 마음속 탐스러운 자신
2001,34,박진영,난 여자가 있는데 (CF - 컴팩 프리자리오),댄스,"니가 오기전까진 우린 아무 문제가 없었어

세상 누구보다도 다정한 연인이었어

어느누구도 우리 사이를 갈라놓을 수는 없다고 믿고 있었어

(하지만 이제 너를 만난후에)

내 가슴속에 지켜온 믿음이 무너지고

(니가 없이는 난) 하루도 살수가 없을 것 같은데



난 여자가 있는데 자꾸 이러면 안되는데

너만 보면 난 자꾸 마음이 흔들려

내가 여자가 있는게 자꾸만 후회가 돼

너만 내곁에 오면 난 그렇게 돼 어떡해어떡해



전화벨이 울리면 그녀가 곁에 있는데도

너이기를 바라는 내모습을 바라보며

어떻게 내가 이렇게 너를 그리워 할수 있는지 믿을수없어

(하지만 내가 이래선 안된다고)

그녀를 절대 울려서는 안된다고

(다짐을 해봐도) 널 향한 마음은 커져만 가는데



난 여자가 있는데 자꾸 이러면 안되는데

너만 보면 난 자꾸 마음이 흔들려

내가 여자가 있는게 자꾸만 후회가 돼

너만 내곁에 오면 난 그렇게 돼 어떡해어떡해



가슴이 너무 아파 숨을 쉴수가 없고

앞이 보이질 않아 어디로 갈지를 몰라



난 여자가 있는데 자꾸 이러면 안되는데

너만보면 난 자꾸 마음이 흔들려

내가 여자가 있는게 자꾸만 후회가 돼

너만 내곁에 오면 난 그렇게 돼 어떡해어떡해



어떡해 어떡해 어떡해 어떡해 어떡해 어떡해~~",가슴속 내곁 이러 숨 후회 어느누구 어떡해어떡해 어디 누구 너만보 여자 다정 연인 오기전까진 사이 그녀 보이질 가슴 내모습 만난후 믿음 세상 지 하루 마음 곁 문제 전화벨
2001,35,코요태,파란,댄스,"Groove Groove Keep
on grooving
Don`t you stop come
on Keep it moving
The Time is now and
I feel alright
I`ve been waiting all
week and tonight is
the night
Rock the beat can you
feel the heat
lf you want some more
then get off your seat
Groove Groove Keep on
grooving
Don`t you stop
Keep on moving
누군가 네게 생겼다는
그 사실을
처음 나 알게 됐을땐 너무도
큰 충격이었어
나보다 대체 더 난게 뭐야
날 버리고 갈 만큼 대단한 거니
누군지 한번 보고 싶어
그녈 나 몰래 만날때마다
한번도 죄책감 같은 것 없었니
내게 이럴수는 없는거야
정말 나쁜 사람
니가 나가줘 내 맘 속에서
나 혼자 널 지워내기가 힘들어
차마 내가 먼저 너를
떠날 수 없으니
Now every take a
look around
Party over here and there
let me see you bounce
What you gonna do huh
Just sit around
Get up and move to the
techno sound
나보다 대체 더 난게 뭐야
날 버리고 갈 만큼 대단한 거니
누군지 한번 보고 싶어
그녈 나 몰래 만날때마다
한번도 죄책감 같은 것 없었니
내게 이럴수는 없는거야
정말 나쁜 사람
니가 나가줘 내 맘 속에서
나 혼자 널 지워내기가 힘들어
차마 내가 먼저 너를
떠날 수 없으니
묻고 싶은 얘기가 있어
나를 사랑은 했니
지금 그녀만큼 한때는 나도
다시 내게로 돌아온다면
내 곁에 돌아와 주기만 한다면
이젠 정말 잘 할것 같은데
너무 멀리갔니
니가 말해줘 나의 옆에서
영원히 널 기다리지도 말라고
나도 깨끗히 널 포기해버릴
수 있도록
나도 깨끗히 널 포기해버릴
수 있도록",사람 충격 한 이럴수 포기 옆 그녀 죄책감 사실 내게로 멀리갔니 누군가 한번 사랑 깨끗 그녈 누군지 됐을땐 곁 대 만큼 이젠 얘
2001,36,성시경,처음처럼,발라드,"이런 내 모습 기다려줬나요
늘 그자리에서 다른 세상을 보며
그대 자꾸 작아져
애써 멀리한 나를
처음 그대를 혼자 사랑하며
나 흘린 눈물이 이제 그대 눈에서
아픈 사랑이 되어
자꾸 흘러내려요
기억속으로
기억속으로
그 계절속으로
계절속으로
우리 함께한 날들 생각나죠
그댄 여기서 그대로 사랑했나요
변해가던 내 모습까지도
다가가던 그 눈물로
그대 앞에 설게요
처음처럼 내가 다시
그 자리로 가도 된다면
눈물 뿐이죠 지친하루
끝에 그대가 없다면
항상있던 자리에 그대가
없어지면 내가 살수 있을지
기억속으로 그 계절속으로
우리 함께한 날들 생각나죠
그댄 여기서 그대로 사랑했나요
변해가던 내 모습까지도
다가가던 그 눈물로
그대 앞에 설게요
처음처럼 내가 다시
그 자리로 가도 된다면
아무 말 없이 웃어준
그대에게 나 돌아와
행복해도 되나요 워
나의 뒤에서 얼마나 힘들었나요
알면서도 난 멀리 있었죠
세상이 날 힘들게 해
이제야 찾아오는
바보같은 내가 그대에겐
삶의 전부였나요
전불 잃고 많이 힘들었나요",계절속 눈물 행복해 그댄 모습 눈 삶 뒤 불 그자리 바보 날들 사랑 자리 처음 지친하루 지 세상 뿐 항상있던 여기 기억속 끝 전부
2001,37,왁스,오빠,댄스,"그냥 편한 느낌이 좋았어

좋은 사람이라 생각했어

하지만 이게 뭐야

점점 남자로 느껴져

아마 사랑하고 있었나봐

오빠 나만 바라봐

바빠 그렇게 바빠

아파 마음이 아파

내 맘 왜 몰라줘

오빠 그녀는 왜 봐

거봐 그녀는 나빠

봐봐 이제 나를 가져봐

이제 나를 가져봐

왜 날 여자로 안 보는거니

자꾸 안된다고 하는거니

다른 연인들을 봐봐

처음엔 오빠로 다 시작해

결국 사랑하며 잘 살아가

오빠 나만 바라봐

바빠 그렇게 바빠

아파 마음이 아파

내 맘 왜 몰라줘

오빠 그녀는 왜 봐

거봐 그녀는 나빠

봐봐 이제 나를 가져봐

이제 나를 가져봐

This is the time to rock

I see the your future now

Are you feel me are you feel me

Break your brain crack your mind

Only for the crazy my time follow wax follow wax

Everybody come on baby wax

아무것도 아니라 해도

나는 상처받아 나는 상처받아

이런 내가 싫다해도

지쳐버릴 내가 아냐

오빠 나만 바라봐

바빠 그렇게 바빠

아파 마음이 아파

내 맘 왜 몰라줘

오빠 그녀는 왜 봐

거봐 그녀는 나빠

봐봐 이제 나를 가져봐

이제 나를 가져봐",남자 시작 싫다해 연인들 마음 여자 사람 사랑 거봐 상처 처음 있었나봐 생각 그녀 오빠 아무것
2001,38,플라워,Endless,록/메탈,"널 사랑해 눈을 감아도
단 한 번만 볼 수 있다면
하늘이여 내 모든 걸 가져가
미련 없이 이 세상 떠나갈게
안녕
다시 돌아올까 봐
아직도 혼자인 거니
서로가 사랑하고 있지만
우리는 인연이 아닌가 봐
많이 야윈 것 같아
웃음도 잃어버리고
항상 멀리서 널 지켜봤어
아프진 않은지 너무나 걱정돼
기다릴게 죽는 날까지
나 없다고 혼자 울지 마
너의 눈물 위로할 수 있도록
그날까지만 참고 견뎌야 해
사랑해 눈을 감아도
단 한 번만 볼 수 있다면
하늘이여 내 모든 걸 가져가
미련 없이 이 세상 떠나갈게
안녕
기다릴게 죽는 날까지
나 없다고 혼자 울지 마
너의 눈물 위로할 수 있도록
그날까지만 참고 견뎌야 해
사랑해 눈을 감아도
단 한 번만 볼 수 있다면
하늘이여 내 모든 걸 가져가
미련 없이 이 세상 떠나갈게
안녕",리 눈물 그날 걱정 하늘이 한 기다릴 눈 위로 웃음 인연 사랑해 아프진 떠나갈게 혼자 사랑 지 세상 미련 기다릴게 서로
2001,39,소찬휘,Change,댄스,"내 마음 다해서
너를 사랑했단 그 이유로
혼자 지낸 날 동안
나 행복했지만 떠날 거야
그러니 더 이상
함부로 나를 대하지마
니 모든 걸 나 이제 거부해
넌 나를 사랑한 게 아냐
외로움에 날 이용한 것뿐
내가 니 장난감이니
실컷 갖고 놀다 이제는 버리게
독한 마음으로 널 잊고야 말겠어
지금이라도 다행이야
너란 사람 분명히 알게 돼서
깊은 내 상처 어떻게 너 책임질 거니
넌 사랑이 뭔지 알긴 하니
죽어도 모를 거야
슬프도록 니가 참 안됐어
항상 넌 외로울 수밖에
없을 거야 그렇게 살면
늘 다른 사람을 울린 죄로
부탁해 어디 가도 날
차라리 모른다 해줘
어차피 버릴 생각했잖아
넌 내게 가라 가라 마라
니가 도대체 잘난 게 또 뭔데
내게도 자존심은 있어
사랑 따위 구걸하진 않아
내가 니 장난감이니
실컷 갖고 놀다 이제는 버리게
독한 마음으로 널 잊고야 말겠어
마지막 기대조차 넌 다 져버렸어
이젠 끝이야
나 다시는 너를 찾지 않아
이 순간 내가 우는 건
이별이 슬퍼서 아냐
쏟았던 내 사랑이 허탈해
떠나가 내가 내가 왜 가
내겐 아무런 잘못도 없는데
넌 나를 사랑한 게 아냐
외로움에 날 이용한 것뿐
내가 니 장난감이니
실컷 갖고 놀다 이제는 버리게
너를 정리하는 건 또 다른 만남뿐
나는 널 몰라 첨부터",순간 다행 사람 부탁 이상 행복 잘못 이용 장난감 자존심 정리 이유 뭔지 구걸 마지막 죄 외로움 사랑 뭔데 사랑한 따위 생각 이별 허탈 거부해 마음 지금 첨부터 끝 상처 알긴 이젠 내겐 동안
2001,40,박정현,You Mean Everything To Me,R&B/Soul,"그대 가슴에 귀를 대보면
나는 정말 행복해져요
날 사랑하는 그대 가슴이
너무 건강히 뛰고 있으니
따뜻하기 까지한 그대란 사람
언제까지나 내 곁에
머물러 줄 수 있나요
You mean everything
You are everything to me
그대 짓는 표정이 나를 바꿔요
You mean everything
나를 숨쉬게 하는
가슴속의 주인이죠
나의 그대여

그대 입술을 바라볼때면
나는 정말 행복해져요
날 사랑한단 그 꿈같은 말을
애타던 내 귀에
속삭여 주었으니
부드럽기 까지한 그대란 사람
언제까지나 내 곁에
머물어 줄 수 있나요
You mean everything
You are everything to me
그대 짓는 표정이 나를 바꿔요
You mean everything
나를 숨쉬게 하는
가슴속의 주인이죠
나의 그대여
가끔씩 그대가
떠나간 걸 그리면
아찔해 오는걸
믿어도 되나요 아니 믿고 싶어
영원한걸
You mean everything
You are everything to me
그대 짓는 표정이 나를 바꿔요
You mean everything
나를 숨쉬게 하는
가슴속의 주인이죠
그대여
You mean everything
You are everything
everything to me
그대 짓는 표정이 나를 바꿔요
나를 바꿔요
You mean everything
나를 숨쉬게 하는
가슴속의 주인은
바로 그대여",가슴속 행복 표정 주인 언제 곁 가슴 사람 사랑한단 사랑 오는걸 귀 아찔 따뜻하기 꿈 영원한걸 입술
2001,41,조 트리오,먼 훗날,발라드,"싫죠 정말이건
내겐 너무 가혹한 거죠
믿었죠 아닐 거라고 말했죠
나만 몰래
장난친 거라고 말했죠
그댄 그런가요
정말 그리 잔인한가요
나에겐 그대뿐인걸 알겠죠
다시 한번 생각하고
내게 말해요
미안하단 말론 안되나요
나 아닌 선택을
돌리기엔 늦었나요
단 한번만 다시 한번만
고개를 들어 나를 보아요
먼 훗날 잊혀질 내 야윈 얼굴을
우리의 많은 날 특별했죠
그댄 그런가요
정말 그리 잔인한가요
나에겐 그대뿐인걸 알겠죠
다시 한번 생각하고
내게 말해요
미안하단 말론 안되나요
나 아닌 선택을
돌리기엔 늦었나요
단 한번만 다시 한번만
고개를 들어 나를 보아요
먼 훗날 잊혀질 내 야윈 얼굴을
떠나는 그대 모습 너머로
꼭 한번만 다시 한번만
마음을 열어 날 불러봐요
먼 훗날 잊혀질 우리의 이름을
그대의 입으로 나즈막히",나즈막히 그댄 모습 이름 그대뿐인걸 특별 잔인 정말 훗날 입 미안하단 말론 고개 한번 생각 가혹 너머 얼굴 마음 선택 내겐
2001,42,김진표,믿을진 모르겠지만…,랩/힙합,"매일같이 언제나 당신
사진에 입맞춤하며
깨어나 욕조물 위에 비춘것은
우리 추억의 책이지
당신이 남긴 메시지 그게
시작 페이지
너무도 수줍어 하며 나의
농담 한마디에
넌 얼굴 빨개 알게모르게
사랑은 그렇게 슬쩍
다가와 우리의 날개 끝없이
펼쳐 사랑을 설계
너무도 멀게만 있던 사랑이
내게 huh
모두들 옹기 종기 맑은 공기
당신께 kiss 하기위해 침을
삼킨 용기
당신의 입술의 온기 나와
통한 짜릿한 전기
당신이 내게 들어온뒤
잔뜩 쌓여있는 할일 들
속에서 이미 미리
우리 사랑 예측했지 우리
둘만 끼리끼리
함께할 때면 또 그렇게나
넘 행복했지
어떻게 시간 흘러가는 지도
몰랐지
내게 네게 무슨 흔적 될 수
있을지
이제는 처음으로 돌아가고
싶어 마치
되감기는 테이프처럼 우리
처음과똑같이
이젠 모두 지나버린
옛사랑의 앙금
이제는 마음속에 지울수
없는 상처만
알면서 뻔히 모든것들
멋대로맘대로 망쳐놔
믿을진 모르겠지만
나 아직도 그대를
생각하면 아파
하지만 뭘 어떻게 웃을지
모르겠지만
나 아직도 그때같이 그렇게
바보같이
왜인지 모르겠지만
나 아직도 그대를
생각하면 아파
하지만 뭘 어떻게
누구도 모르겠지만
나아직도 그때같이
그렇게그대를 추억해 그때를
지금도 여전히 당신
사진에 입맞춤 하며
깨어나 거울속 내눈에
비춘것은
우리 추억의 책이지
내가 남긴 메시지 그게
마지막 페이지
언제 부턴가 틀어져 버려
실증 혹 짜증
내가찾은 사랑은 날아가버려
갖은 노력을 한들
이젠 돌아오지 않는 시간들
점점 늘어만가는
넘어지는 술잔들
내게 네게 무슨 흔적 될 수
있을지
이제는 처음으로 돌아가고
싶어 마치
되감기는 테이프처럼 우리
처음과똑같이
이젠 모두 지나버린
옛사랑의 앙금
이제는 마음속에 지울수
없는 상처만
알면서 뻔히 모든것들
멋대로맘대로 망쳐놔
믿을진 모르겠지만
나 아직도 그대를 생각하면
아파
하지만 뭘 어떻게 웃을지
모르겠지만
나 아직도 그때같이 그렇게
바보같이
왜인지 모르겠지만
나 아직도 그대를 생각하면
아파
하지만 뭘 어떻게 누구도
모르겠지만
나아직도 그때같이 그렇게
그대를 추억해 그때를
또 하루가 가고 또 하루가 가고
몇번째의 계절쯤에 나는 다시
또다른 누구에게 상처를 남길지
그런 나를 볼 자신이 없어
그런날이 오지않게 할 자신도 없어
믿을진 모르겠지만
나 아직도 그대를 생각하면 아파
하지만 뭘 어떻게 웃을지
모르겠지만
나 아직도 그때같이 그렇게
바보같이
왜인지 모르겠지만
나 아직도 그대를 생각하면 아파
하지만 뭘 어떻게 누구도
모르겠지만
나아직도 그때같이 그렇게
그대를 추억해 그때를
믿을진 모르겠지만
나 아직도 그대를 생각하면 아파
하지만 뭘 어떻게 웃을지
모르겠지만
나 아직도 그때같이 그렇게
바보같이
왜인지 모르겠지만
나 아직도 그대를 생각하면 아파
하지만 뭘 어떻게 누구도
모르겠지만
나아직도 그때같이 그렇게
그대를 추억해 그때를
믿을진 모르겠지만
나 아직도 그대를 생각하면 아파
하지만 뭘 어떻게 웃을지
모르겠지만
나 아직도 그때같이 그렇게
바보같이
왜인지 모르겠지만
나 아직도 그대를 생각하면 아파
하지만 뭘 어떻게 누구도
모르겠지만",시작 테이프 짜증 설계 내눈 믿을진 욕조물 옹기 모든것들 노력 페이지 시간 나아직 메 누구 행복 매일 되감기 앙금 망쳐놔 시간들 추억 마지막 내가찾은 바보 술잔들 왜 빨개 공기 옛사랑 입술 날개 온기 전기 모두들 하기위해 예측 실증 사랑 처음과똑같 처음 알게모르 들어온뒤 마음속 멋대로맘대 지 생각 그렇게그대 거울속 그런날 몇번 사진 얼굴 하루 언제 계절 입맞춤 책 할 둘 흔적 당신 그때 부턴 이젠 상처 용기 농담 종기 자신 한마디
2001,43,장혜진,아름다운 날들,발라드,"미안한맘 들곤 했었지
널 다그쳐 원한걸
가졌을때 난
그땐 그게 사랑이라
믿고 싶었지
지금도 난 그런거라
믿고 싶은걸
그렇게 한참이나 지났지
날 감싸주던 니 모습 따뜻했지
가끔은 너 나처럼 그땔
떠올리는지
너에게 보채기만 했던
내 모습을
많이 좋아했던 날 너무
철이 없던 날
아무말도 없이 지켜주던 너
많이 보고 싶겠지 나
살아가는 모든날
매일 나는 너를 찾아가겠지
미안하단 말도 못했지
난 태연히 또 널 보며 웃었었지
그렇게 쉽게 널 떠날수 있을거라
나 조차 알지 못했지 바보처럼
많이 좋아했던 날 너무
철이 없던 날
아무말도 없이 지켜주던 너
많이 보고 싶겠지 나 살아
가는 모든날
매일 나는 너를 찾아가겠지
다른 사람 만나 행복할수 있길
내게서 받은 상처 아물기를
용서할수 있겠니 너를
아프게한 날
그냥 꾸밈없이 말해주겠니
많이 좋아했다고 너 살아가는
동안에
가끔씩은 나를 떠올린다고
많이 좋아했던 날 너무 철이
없던 날
아무말도 없이 지켜주던 널
많이 보고 싶겠지 나 살아가는
모든날
매일 나는 너를 찾아 가겠지
매일 나는 너를 꿈꿔 가겠지",한참 용서 싶은걸 사람 그땔 내게 모습 행복 미안한맘 바보 철 미안하단 따뜻 사랑 그땐 원한걸 아무말 모든날 상처 동안 조차 있길
2001,44,S.E.S.,꿈을 모아서 (Just In Love),댄스,"그대에게 줄게요 나의
모든 사랑을
세상에서 오직 하나뿐인
당신을 위해서
당신에게 줄게요 우리
헤어져 있어도
아름다운 미소로
다가오는 매일을
오래도록 기다려왔었던
사랑은 따뜻한 바람 타고
잠에서 깬 나무들 속에서
순결한 꽃잎처럼 빛나고
이제 태어나는 구름
이제 피어나는 꿈들이
메말랐던 이 세상에
아름다운 색으로
내리고 있는걸
당신과 걸어가요 꿈을
모두 모아서
저 하늘 속으로 내 마음
모두 담아둘게요
당신과 걸어가면 보이지
않던 미래도
너무 밝게 우리를 비춰주기 때문에
기다림을 모르는 사람들은
세상에 모두 등을 돌리지만
무너져 버릴 것 같은 추억
모두의 작은 두 손 가득히
내가 간직해온 시절
그땐 무얼 사랑했었나
기억나요 두려움에
아무것도 나는 믿을 수 없었지만
그대에게 줄게요 나의
모든 사랑을
세상에서 오직 하나뿐인
당신을 위해서
당신에게 줄게요 우리
헤어져 있어도
아름다운 미소로 다가오는 매일을
눈물이 왜 흐를까요
태양이 저무는 곳에서
저 석양이 질 때까지
그 빛이 모두 사라져 버릴 때까지
당신과 걸어가요 꿈을
모두 모아서
저 하늘 속으로 내 마음
모두 담아둘게요
당신과 걸어가면 보이지
않던 미래도
너무 밝게 우리를 비춰주기 때문에",눈물 색 꽃잎 사람 미소 때문 손 매일 나무들 하늘 추억 두려움 석양 모두 무엇 구름 담아둘게요 사랑 미래 등 시절 세상 그땐 순결 하나 있는걸 마음 태양 빛 당신 따뜻한 아무것 꿈 간직
2001,45,김민종,You're My Life,발라드,"혹시 내가 달라진 것 같나요
그대가 그런 건가요
나는 아닌데 행복을 느끼는데
그렇다고 난 믿고 있는데
오늘 또 누굴 만났나봐요
나를 몹시 피하는군요
그런가봐요 그렇게 변하는가봐요
영원한 사랑은 그저 떠도는 거짓인가요
oh You're my life
나에겐 텅 빈 그대 행복을 빌어야 하나요
어려워요 나를 달랠 자신 없어요
내 안은 그대뿐이죠

다시 많은 비가 오고 있어요
어제는 비를 맞았죠 괜찮았어요
오히려 포근하던걸요
우리의 많은 날들을 그렇게 보냈었기에
oh You're my life
그대 내 안에 그저 그렇게 떠돈 건 아니죠
행복했던 그대 안의 나의 사랑을
조금 더 간직해줘요
oh You're my life

더 흘릴 눈물도 더 기다릴 작은 힘도
야윈 듯 잠들어 가죠 이렇게 젖은 가슴에
oh You're my life
나에겐 텅 빈 그대 행복을 빌어야 하나요
어려워요 나를 달랠 자신 없어요
내 안은 그대뿐이죠
내 안은 You're my life",눈물 힘 비 행복 어제 날들 변하는가봐요 누굴 가슴 오늘 안 사랑 영원 포근하던걸요 거짓 만났나봐요 그런가봐요 자신 간직
2001,46,박혜경,하루,록/메탈,"참 나쁘죠 그대 없이도
사람들을 만나고 또 하루를 살아요
이런거죠 그대 모든것
조금씩 흐려지다 없던일이 되겠죠
벌써 난 두려운 마음뿐이죠
한참 애를써도 그대 얼굴조차
떠올릴 수 없죠
웃고 있어도 자꾸 눈물이 나요
그대 역시 그렇게 나를 잊어 가겠죠
왜 그랬나요 이럴걸 알면서도
이별이란 이토록 서글픈 모습인데
정말 사랑했는데

벌써 난 두려운 마음뿐이죠
한참 애를써도 그대 얼굴조차
떠올릴 수 없죠
웃고 있어도 자꾸 눈물이 나요
그대 역시 그렇게 나를 잊어 가겠죠
왜 그랬나요 이럴걸 알면서도
이별이란 이토록 서글픈 모습인데
단 하루도 안될 것 같더니
내가 미워질만큼 익숙해져만 가죠
별일 없나요 그대 역시 나처럼
깨어나고 잠들며 그런대로 사나요
그대 없이도 아무일 없다는거
이별보다 더 아픈 세상속을 살아요
웃고 있어도 자꾸 눈물이 나요
그대 역시 그렇게 나를 잊어 가겠죠
왜 그랬나요 이럴걸 알면서도
이별이란 이토록 서글픈 모습인데
정말 사랑했는데

슬픈 하루가 가죠",애를써 눈물 모습 모든것 아무 그런대 이럴걸 조금씩 없다는거 사랑 이런거죠 별 이별 없던일 사람들 얼굴 하루 마음 만큼 세상속
2001,47,백지영,추락,댄스,"눈을 감아 그댈 기억해봐
눈물이라도 멈추지 않는
그대 추억을
헤어나려고 벗어나려고
너무 애를 써도 소용없었어
혼자라도 괜찮을 거라고
그대 빈자리 채워질거라
믿어왔지만
가면 갈수록 더해만가는
그대 그리움에 견딜수 없어
사랑했어 그대만을
이런 내맘 몰라 그대
나를 떠난 것 같아
후회했어 떠나갈때
눈물이라도 보여
그대를 잡아야 했어
사랑으로 영원할 거라고
나에게 이별은 다시는
오지 않을거라고
그대 곁에서 함께 할때면
다른 아무것도 필요없었어
가끔 그댈 미워하면서도
한번의 손길로 그대 품안에
안겼었지만
이젠 더이상 자신 없다는
그대 그 말 한마디에 끝났어
사랑했어 그대만을
이런 내맘 몰라 그대
나를 떠난 것 같아
후회했어 떠나갈때
눈물이라도 보여
그대를 잡아야 했어
원망했어 떠난 그댈
그대없는 내가
걱정되지 않는 그대가
돌아와줘 나 여기서
천년이라도 사랑으로만
기다리겠어
아니라해도 지쳤다해도
내게 이럴수는 없는 거잖아
사랑했어 그대만을
이런 내맘 몰라
그대 나를 떠난 것같아
후회했어 떠나갈때
눈물이라도 보여
그대를 잡아야했어
라라라라 라라라라
라라라라라라 라라라라라
라라라라라
라라라라 라라라라
라라라라라라 라라라라라
라라라라라",필요 눈물 걱정 라라라 한마디 후회 눈 아니라해 이럴수 품안 거잖아 그대없 추억 사랑 한번 영원 원망 이별 손길 여기 기억 빈자리 자 지쳤다해 곁 천년 라라라라 애 그리움 이젠 아무것 라 소용
2001,48,S.E.S.,감싸 안으며 (Show Me Your Love),댄스,"비 개인 거리를 나 홀로
우산을 쓰고 걸어갔어
수면위로 비치는 내 모습
마치 작은 어린 아이처럼
언제부턴가 어른인 척 하려던
매일 매일에 익숙해져 버린 나
그저 순수하게 서로를
느낄 수 있게
멀리하며 방황하며 그렇게
거듭돼 가는걸
연인이라고 부를 수 있는
영원한 시간 속에
우리 둘만의 특별한 얘길
함께 나누어 봐요
꿈에게는 꽃 꽃잎엔 바람
당신에겐 사랑을
그리고 고독마저 모두
감싸 안듯이
지난 날 손 걸고 맹세한
잊지 못할 약속까지
난 지금도 가슴 깊은 곳에
따뜻한 마음 간직하고 싶어
어느 샌가 어른들의 사랑에
나를 감추고 지쳐있는 내 모습
만난 순간마다 이별은
찾아오는 것
생각하면 두려움에 끊임없이
도망가는 걸
연인이라고 부를수 있는
세대와 시간 속에
특별한 운명 우리에게는
몇 번이나 올까
시간에 날개 하늘은 향해
나에게는 용기를
그리고 이 생명을 모두
느낄 수 있도록
내일이 다 보이지 않아
두려워져 혼자 견딜수 없어
목이 메도록 내 마음은 애타지만
소리도 없이 아침이 오고
오늘이 다시 시작돼요
그대를 지키고 싶어
연인이라고 부를 수 있는
영원한 시간 속에
우리둘만의 특별한 얘길
함께 나누어봐요
꿈에게는 꽃 꽃잎엔 바람
당신에게 사랑을
그리고 또 내일을 모두
감싸 안으며",시작 순간 소리 생명 꽃잎 우산 둘만 모습 언제부턴 시간 특별 아이 거리 메 손 비 어른들 개 매일 몇 가는걸 하늘 세대 연인 내일 두려움 방황 고독 샌 목 날개 약속 얘길 우리둘만 가슴 오늘 사랑 거듭 영원 이별 생각 꽃 아침 순수 마음 어른 수면위 맹세 지금 운명 당신 따뜻한 용기 서로 꿈 간직
2001,49,박효신,동경,발라드,"우린 서로 너무도
다른 세상에 살아왔죠
한 번 스쳐 지났을 뿐
그 후로 난 멀리서
이렇게 기다려왔죠
언젠가는 내 헛된 꿈이
혹 이뤄질까
날 기억이나 할까요
내 이름조차 생각이나 날까요
누군가 매일 그대를 위해
늘 기도해온 걸 알까요
그대가 난 부럽죠
나 같은 사람 너무나 흔하겠죠
혹시나 그대 알고 있나요
얼마나 행복한 사람인지
아껴왔던 내 맘이
흔하게 묻혀질까봐
단 한번도 편지조차 못했는데
날 기억이나 할까요
내 이름조차 생각이나 날까요
그대는 이미 누군가에게
큰 의미라는 걸 알까요
그대를 사랑해요
나도 모르게 이렇게 돼 버렸죠
혹시나 그대 알고 있나요
그 날 이후로 지금까지
매일 그대의 곁에서
맴돌았다는 걸
그대를 지켜왔었다는 걸
날 사랑하면 안돼요
단 하루라도 그럴 수는 없나요
허튼 생각이란거 알지만
한 번은 말하고 싶었죠
사랑해도 되나요
혼자서라도 사랑하면 안돼요
허튼생각이란거 알지만
한 번은 말하고 싶었죠
그대를 사랑해요",리 의미 사람 이름 한 행복 생각이란거 묻혀질까봐 이후 사랑해 혼자 누군가 한번 사랑 허튼생각이란거 후 생각 세상 뿐 기억 하루 기도 곁 지금 꿈
2001,50,YDG,"구리뱅뱅 (Feat. 1kyne, 난아)",랩/힙합,"Just another day
honey with the license plate
call me call me
if you can find me
just another day
where we turn it up turn it up
call me call me
if you can find me
넓은 강남대로
어느 날씨 화창한 날
그래요 Kick and goal 리는대로
신사동 사거리 제일생명 사거리
타워 레코드 강남역 사거리
차 존나 막혀 길어지는 신호 대기
정박 힙합 음악에 끄덕이며
뒤돌아보는데 Yo Uh
숨 멎어버려 종이와 펜을
어여 빨리줘 봐 Hurry up
S E O U L 51로
Main 번호가 827 No
두말하면 마릴린먼로
그녀와 이제 247 No
I'm ready to go here we go
Hit'm hi ho I feel me flow
Hiphop 음악에 링딩동
This and that are my ice
bling bling blow
Just another day
Honey with are license plate
Call me call me
If you can find me
Just another day
Where we turn it up turn it up
Call me call me
If you can find me
Scorching hot day
Crushing the highway
Ready for someone hot babes
bout a hundred degrees
Me and my dawg Madman
Up to no good spot up a shawdae
Window rolled down hotbox set free
That's what I call a hot
recipe tank top
Singing on that bottle
like body she just ready to get
Sliced up lced up
Look at them curves on them
thang thang
She make a dawg wanta go bang bang
S E O U L 51로
Main 번호가 827 No
두말하면 마릴린먼로
그녀와 이제 247 No
I'm ready to go here we go
Hit'm hi ho I feel me flow
Hiphop 음악에 링딩동
This and that are my ice
bling bling blow
치리 치리 뱅뱅 청바지 뱅뱅
앞유리에 붙은 연락처 난 갱생
그러나 보지 못해서
내가 눈이 나빠서
답답해 뒤지는 줄 알았어 getppasa
2001년 April 17일 작은형 생일
10시 남짓 압구정 밤거리에
그녈 본 건 My mistake
I'm a fake 니가 take a rice cake
There's a lot other girl no
She's only one No more in Korea
She's perfect she's dime
어디서 와서 어디로 가는 건지
나도 몰라 그 날 이후
하루도 널 잊은 적이 없어
양손에 두 아이들 그 아이들
혹시 아들
About pm 10 17th April
2001 two kids와 압구정 밤 거릴
거닐던 Yo dime women
Just another day
Honey with the license plate
Call me call me
If you can find me
Just another day
Where we turn it up turn it up
Call me call me
If you can find me
S E O U L 51로
Main 번호가 827 No
두말하면 마릴린먼로
그녀와 이제 247 No
I'm ready to go here we go
Hit'm hi ho I feel me flow
Hiphop 음악에 링딩동
This and that are my ice
bling bling blow",10 레코드 리 사거리 숨 정박 종이 2001년 눈 827 마릴린먼 남짓 작은형 타워 화창 어디 어 갱생 차 적 신호 이후 두말 날씨 밤 신사동 강남대로 청바지 2001 그녀 247 17일 아들 51 10시 양손 제일생명 링딩동 밤거리 치 생일 유리 빨리줘 답답 압구정 강남역 연락처 그녈 아이들 하루 펜 대 힙합 음악 17th 존 번호
2001,51,브라운 아이즈,With Coffee...,R&B/Soul,"Cause you're my love forever
매일밤의 달콤한 낮은 속삭임
부드러운 커피향보다
더욱 진하게 Don't be afraid tonight
졸린 눈 부벼 창문을 열면
기대 앉았던 바람 내 머릴 만져
등뒤에서 너를 안으면
더 행복할 수 없는 걸
바로 지금 여기 시간이 멎어
함께 눈감아도 멋질 거야
같은 시간 속을
두 손 잡고 걸어가게 우
너만을 바라보고 또
너만을 지키고 너만을 원해
내 가진 것 모두
너만을 줄 수 있다면
내겐 기쁨인 걸
Cause you're my lover so baby
Cause you're my lover
that's what I did
Cause you're my lover so baby
so give me a chance
너를 사랑하긴 힘이 들지만
힘든 그것조차 사랑인 걸
내가 살 수 있고 죽는 것은
너인 것을 우
Cause you're my love forever
매일밤의 달콤한 낮은 속삭임
부드러운 커피향보다
더욱 진하게 Don't be afraid tonight
너만의 아주 작은 몸짓도
지나가는 말도 너 있는 모든 것은
커다란 의미가 되는걸
Cause you're my love forever
매일밤의 달콤한 낮은 속삭임
부드러운 커피향보다
더욱 진하게 Don't be afraid tonight
Cause you're my love forever
매일밤의 달콤한 낮은 속삭임
부드러운 커피향보다
더욱 진하게
Don't be afraid tonight tonight",의미 힘 사랑하긴 되는걸 눈 낮 달콤한 시간 손 행복 커피향보 매일밤 머릴 사랑 몸짓 창문 기대 등뒤 내겐 그것
2001,52,신승훈,I Believe,"발라드, 국내영화","I believe 그댄 곁에 없지만
이대로 이별은 아니겠죠
I believe 나에게 오는 길은
조금 멀리 돌아올 뿐이겠죠
모두 지나간 그 기억속에서
내가 나를 아프게 하며
눈물을 만들죠
나만큼 울지 않기를 그대만은
눈물 없이 날 편하게 떠나주기를
언젠가 다시 돌아올
그대 라는 걸 알기에 난 믿고 있기에
기다릴께요 난 그대여야만 하죠
I believe 내가 아파할까봐
그대는 울지도 못했겠죠
I believe 흐르는 내 눈물이
그댈 다시 내게 돌려 주겠죠
자꾸 멈추는 내 눈길 속에서
그대 모습들이 떠올라
눈물을 만들죠
나만큼 울지 않기를 그대만은
눈물 없이 날 편하게 떠나주기를
언젠가 다시 돌아올
그대라는 걸 알기에 난 믿고 있기에
기다릴께요 난 그대여야만 하죠
나 그댈 알기 전 이 세상도
이렇게 눈부셨는지
그 하늘 아래서 이젠 눈물로
남겨졌지만
이 자릴 난 지킬께요
그대란 이유만으로 나에게는
기다림 조차 충분히 행복하겠죠
사랑한 이유만으로
또 하루가 지나가고 오는길 잊어도
기다릴께요
난 그대여야만 하죠
난 그대여야만 하죠",눈물 그댄 눈길 행복 이유만 하늘 모습들 사랑한 이별 세상 오는길 뿐 이대 자 하루 곁 전 아래 기억속 아파할까봐 이젠 라 조차
2001,53,차태현,I Love You,댄스,"후회해 내 사랑을

널 믿은 바보 같은 나를

이제 나 널 보내야 하는 준비를

해야 하잖아

왜 떠나려고 하니

내가 뭘 잘못한 거니

내 마지막 사랑은

바로 너인데

너를 위해 돌아서는 게 아냐

이미 넌 그에게 갔잖아

내 사랑 내 상처 너에겐

중요하지 않잖아

내게 잊으란 말하지 마

I Love You

니 모습 지워질 때까지

그와 행복한 니 모습을

가끔 보여 주겠니



이해해 니 사랑을

날 버린 너의 그 마음을

나보다 행복하게 해 줄 그에게

가버린 너를

너 슬픈 척 하지 마

사랑했다 말하지 마

나 깨끗이 보낼 게

울지 않을 게

너를 위해 돌아서는 게 아냐

이미 넌 그에게 갔잖아

내 사랑 내 상처 너에겐

중요하지 않잖아

내게 잊으란 말하지 마

I Love You

니 모습 지워질 때까지

그와 행복한 니 모습을

가끔 보여 주겠니",행복 중요 마음 주 잊으란 준비 후회 사랑 모습 마지막 상처 바보 깨끗 잘못한 이해
2001,54,제이,빛,R&B/Soul,"taking it day by day
didn't konw how precious your love could be
couldn't we try again to make it last
how could you let love go
don't know how much more my heart can take
to see you walk away it breaks my heart
너를 생각하면서
매일 울고 웃는 내 모습
그저 흔한 얘기들뿐인데도
그리워 항상 곁에 있는 널 그땐 느끼지도 못했지
너무 편안한 사람 너무 고마운 사람
I don't wanna end this love cause it hurts
hurts so much, I cried a thousand tears
나의 어둠을 다 밝혀주던 따뜻한 가슴이
when you turn away don't say goodbye
just wanna know you will be alright
세상 가장 밝은 너 다시 널 찾을 수 있게
바라기만 했었죠
아무 것도 아닌 일들에
많이 투정부리던 나였잖아
미안해 너의 아픔 같은 건 내게 보여준 적 없었지
너무 편안한 사람 너무 고마운 사람
don't regret the days when you were loved
happiness is all I want you to know
아픈 눈물로 매일 자라난 널 위한 사랑이
when you look back on all that we've shared
know in your heart my love will be there
그럴 수만 있다면 다시 나에게 돌아와
아무말없이 돌아선 나에게
눈물고인 미소만 보이던 너를
떠난 후에 뒤늦게 깨닫게 되었죠
바보 같은 나를 용서해줘
I don't wanna end this love cause it hurts
hurts so much, I cried a thousand tears
나의 어둠을 다 밝혀주던 따뜻한 가슴이
when you turn away don't say goodbye
just wanna know you will be alright
세상 가장 밝은 너 다시 널 찾을 수 있게
don't regret the days when you were loved
happiness is all I want you to know
아픈 눈물로 매일 자라난 널 위한 사랑이
when you look back on all that we've shared
know in your heart my love will be there
그럴 수만 있다면 다시 나에게 돌아와
how could you let love go
don't know how much more my heart can take
to see you walk away it breaks my heart",용서 눈물 사람 모습 미소 얘기 적 투정부 어둠 들 바보 미안 아무말없 가슴 눈물고인 사랑 후 생각 그땐 세상 편안 곁 따뜻한
2001,55,박효신,바보,R&B/Soul,"너무 모르고 있죠 이미 떠난 사인데
언젠가 올 거란 생각에 마냥 웃고만 있죠
슬픈 상처뿐인데 곁에 있을 거라 믿었죠
걱정돼요 내가 없으면 어느 것 하나도 할 수 없던 사람인데
꼭 한번 만날 수 있다면 아직 남겨진 내 맘 전하고 싶은데
내가 부족한가요 당신을 원한 이유로 이렇게 날 외면하려 하나요
단 한번 사랑을 믿어요 볼 수 있다면 나 웃고 살 수 있는데
허나 다른 사랑 찾아가란 말은 말아요 날 버리진 않겠죠
그럴 리 없잖아요 you
부탁해요 곁에 없어도 몸조심하세요 참 힘겨워 했잖아요
또 다시 만날 수 있다면 아직 남겨진 내 맘 전하고 싶은데
내가 부족한가요 당신을 원한 이유로 이렇게 날 외면하려 하나요
단 한번 사랑을 믿어요 볼 수 있다면 나 웃고 살 수 있는데
허나 다른 사랑 찾아가란 말은 말아요 날 버리진 않겠죠
그럴 리 없잖아요
언젠가 잠시라도 기억 할 수 있다면 난 그걸로 되요

 ",버리진 리 걱정 사람 부탁 외면 몸조심 이유 그걸 되요 사랑 한번 찾아가란 생각 사 거란 부족 기억 곁 전 당신 상처
2001,56,강타 (KANGTA),북극성,발라드,"괜찮은 건지 혹시 내 생각에
힘겹진 않은지 그럴리 없겠지만
바보같은 난 아직도 많이 모자라
널 잊기엔 많이 부족해
니가 주고 간 우리 추억 때문에
어떻게든 나 살아가곤 있지만
많이 아파 했었던
내 모습이 혹시 너에게
짐이 된 건 아닌지 많이 걱정했었어
아주 잠시라도 우리 마주치지
않도록 나 기도했는데
하루에도 난 몇 번씩
왜 보고 싶어 지치는 건지
미안해 용서해 줘
가끔씩 내게 들리는 니 소식에
그토록 난 괜찮은 척 애써 보지만
아직도 내겐 남아 있는 미련처럼
너의 모든 게 너무 소중해
이제 더 이상 힘겹게 참아야만 했던
우리 모든 추억도 내 곁엔 없는 거야
아주 잠시라도 우리 마주치지
않도록 나 기도했는데
하루에도 난 몇 번씩
왜 보고 싶어 지치는 건지
미안해 용서해 줘
아주 잠시라도
우리 마주칠 수 있다면
나 고백할 텐데
하루에도 난 몇 번씩
보고 싶어 미칠 것 같다고
사랑한다고 영원토록",용서 고백 리 걱정 모습 소식 때문 이상 소중 부족해 몇 추억 바보 미안 사랑 생각 지 미련 하루 기도 곁 텐데 힘겹진 내겐 영원토록
2001,57,조성모,잘가요... 내 사랑...,발라드,"그죠 날 떠나실거죠
한번쯤 날 위해 솔직해줘요
가라시면 갈텐데
왜 애써 숨겼나요
아직 난 너무도 힘드네요
그 모든 사연을 잊어 내기엔
그대는 떠나도 사랑만은
남을 줄 알았는데
허무한 바램인가요
가세요 이제 편히
그댈 보내 드릴께요
함께한 정도 미련도
다 두고 가세요
세월가면 그대 잠시라도
문득 날 그리워하며
눈물질텐데
내가 언제라도
그대 몫까지 아파줄께요
그대 편히 갈수있게

그죠 날 사랑한거죠
거짓말이라도 듣고 싶네요
마지막 부탁인데
그 대답 어렵나요
아직 난 너무도 아프네요
웃으며 이별을 맞아주기엔
사랑이 떠나도 그리움은
남을 줄 알았는데
그 마저 떠나 가네요
가세요 이제 편히
그댈 보내 드릴께요
함께한 정도 미련도
다 두고 가세요
세월가면 그대 잠시라도
문득 날 그리워하면 눈물질텐데
내가 언제라도 그대 몫까지
아파줄께요 그대 편히 갈수 있게

잘가세요 멀리 가더라도
행복하게 살아줘요
잘가요 내사랑.....",내사랑 가라시 부탁 바램 거짓말 세월가면 눈물질텐데 몫 허무한 행복 남 마지막 잘가세요 떠나실거죠 사연 사랑한거죠 사랑 정도 이별 잘가요 한번쯤 미련 솔직 언제 그리움 대답
2001,58,홍경민,가져가,댄스,"뭐하는 거야 지금 너는
내 앞에서 장난치지마
겉으로 슬픈척 괴로운척해도
속으론 웃는걸 알아
날보고 있지만 지금
니 마음속엔 이미 다른 사람이
지금껏 너를 사랑했던
내 모습을 모두 지운걸 알아
넌 이미 변했어 지금껏
내가 알던 니가 아니야
니가 낯설어 너무 어색해서
차마 널 볼 수가 없어
내가 사랑했던 상냥한
니 모습을 찾을 순 없어
그런 널 보면 너무 화가 나서
나는 견딜 수가 없어
모두 가져가 내게 주었던
지난날의 너의 사랑도
내가 너 땜에 괴로워하며
다시는 너를 찾지 않도록
그냥 가버려 좀더 냉정히
어설픈 미련 남기지 말고
그게 마지막 니가 나에게
해주는 배려가 될테니까
변명하지마 이젠 내게
솔직하게 모두다 털어놔
괜히 날 위로한답시고
맘에 없는 말로 날 놀리지 말고
내앞에선 울고 뒤돌아 서면
웃을꺼라는걸 난 알아
차라리 그럴 바엔 내가 싫어졌다
내게 솔직히 말해 줘
어차피 갈거면 어설픈
거짓말로 위로하지마
그냥 솔직히 다른 사람 만나
사랑하게 됐다 말해 줘
널 잊을 수 있게 조금더
냉정하게 내게 말해 줘
그래야 나도 아무 미련 없이
너를 잊을 수 있으니
모두 가져가 내게 주었던
지난날의 너의 사랑도
내가 너 땜에 괴로워하며
다시는 너를 찾지 않도록
그냥 가버려 좀더 냉정히
어설픈 미련 남기지 말고
그게 마지막 니가 나에게
해주는 배려가 될테니까
모두 가져가 내게 주었던
지난날의 너의 사랑도
내가 너 땜에 괴로워하며
다시는 너를 찾지 않도록
그냥 가버려 좀더 냉정히
어설픈 미련 남기지 말고
그게 마지막 니가 나에게
해주는 배려가 될테니까",조금더 척 변명 겉 지운걸 사람 모습 위로 바 거짓말 어색해 웃을꺼라는걸 순 마지막 장난치지 모두 웃는걸 냉정 상냥 화 사랑 미련 털어놔 지난날 솔직 이젠 마음속 배 될테
2001,59,유승준,Wow (Ver.2),댄스,"wow 예감이 괜찮아 우리
뭔가 될 것 같아 wow
정말 예쁘잖아 뭔가
특별할 것 같아 wow
um 일부러 내가 찍지 않았고
항상 여자들이 나에게 먼저
다가 왔었지 wow
다 언제나 내가 먼저 끝냈어
뒤를 돌아보거나 후회 한적
없었지
하지만 넌 달라 난왠지 모르게
끌리지만 넌 아무 손짓 없는데
그런 니가 좋아 난난난
도도해보여 늘 넌넌넌
너를 갖고 싶어 예예예
내 맘을 모두 뺏길줄 몰랐잖아
난난난
이렇게 내가 빠져버릴줄 제발
내게 맘을 열어
나 한번도 이래본적 없었지
항상 모든 것에 당당한 자신있던
나였지 wow
왜 내 마음 태연한척 할수록
왠지 니 앞에서면 초라해질 뿐일까
움직임 하나로 그 표정만으로
내 가슴은 자꾸만 흔들리는데
그런 니가 좋아 난난난
도도해보여 늘 넌넌넌
너를 갖고 싶어 예예예
내 맘을 모두 뺏길줄 몰랐잖아
난난난
이렇게 내가 빠져버릴줄 제발
내게 맘을 열어
이건 너를 갖기위한 내 선전포고
가슴속의 담아논 내 마음의 포로
마치 예전의 모습을 모르는
것 같이 내 모든걸 바꿔
니 맘대로 바꿔
너의 몇 마디에 가슴이 이리쿵
저리쿵 나의 마음속에 넌
CANCOON
같이 멀지 않은 나의 마음속
MIRAGE 끝까지라도 너는
끝까지 내차지지 What
난 너로 인해 이렇게 또
다시 태어나 다른 내가 됐어
COME ON 내 모습보며
가끔씩 나조차 놀라지
OH BABY ROCK WITH ME
그런 니가 좋아 난난난
도도해보여 늘 넌넌넌
너를 갖고 싶어 예예예
내 맘을 모두 뺏길줄 몰랐잖아
난난난
이렇게 내가 빠져버릴줄 제발
내게 맘을 열어
변하지 않아 늘 난난난 내가
책임져 꼭 넌넌넌
내 여자니까 오 예예예
저기 하늘에 허락도 받겠어
꼭 난난난
주신 나의 삶 이제 널 위해
전부 써도 되겠냐고
예감이 괜찮아 우리 뭔가 될 것 같아 wow
정말 예쁘잖아 뭔가 특별할 것 같아 wow",가슴속 척 예전 후회 난난난 마디 표정만 모습 포로 예감 예예예 난왠지 손짓 당당 특별 오 허락 삶 담아논 저 넌넌넌 뒤 선전포고 여자 적 몇 하늘 다 가슴 한번 뭔가 마음속 저리쿵 모습보 모든걸 뿐 하나 내차지지 마음 이리쿵 여자들 초라 갖기위한 끝 도도 태연 자신
2001,60,김장훈,난 남자다,록/메탈,"넌 모르겠지만 사랑했다
비정한척 했던것 사과한다
남자란 이유로 널 떠나보내며
행복해지기를 바보처럼 기도했었다
흔들리는 날 잡던 두 손 이젠
독한 소주잔만이 날 위로해
두 눈 꼭감고 입맞추던 내 입술엔
해로운 담배 한개피로 널 추억해본다
바람아 불어라 못다한 얘기들
그녈 만난다면 대신 전해주겠니
이세상 누구보다 잘 살아달라고
나의 사랑 이젠 good bye
좋은 음식 예쁜 옷 볼때마다
가난한 우리 지난날 떠올라
아무것도 못해준 너의 생일 올때면
해주고 싶어도 이제 너
내 곁에 없구나
바람아 불어라 못다한 얘기들
그녈 만난다면 대신 전해주겠니
이 세상 누구보다 잘 살아달라고
나의 사랑 이젠 good bye
너 하나만 행복하다면
미련한 여자였던 너는
지금쯤 어디에 있을까
못견디게 그리워
바람아 불어라 못다한 얘기들
그녈 만난다면 대신 전해주겠니
이 세상 누구보다 잘 살아달라고
나의 사랑 이젠 good bye
La La La La La",소주잔 사과 한 눈 꼭감고 음식 어디 손 누구 미련한 행복 얘기들 한개피 여자 이유 입맞추 추억 못다한 이세상 바보 담배 바람 입술 남자 살아달라 불어 위로해 사랑 생일 정한척 못견디 세상 그녈 하나 지난날 떠나보내 기도 곁 대 이젠 옷 아무것
2001,61,유엔,파도,댄스,"눈이 부시게 아름답던 바다
나의 눈속엔
그 보다 더 고운 너였어
하얀 모래 위
너와 내가 남긴 추억들
파도가 떠나도
내겐 지워지지 않는걸
너를 보내고
나 또 다시 찾은 바닷가
하지만 이제 내곁에
다른 사람 있는걸
새롭게 시작하고 싶어
그녀를 따라 왔어
하지만 내 맘 네 모습만 생각이 나
그녀 머리에 쏟아진 별빛들
그 별빛아래 약속한
지난 날이 떠올라 워
흔들리는 나의 마음을
가눌 길 없는 내 눈빛
너와 비슷한
사람 마저 쫓고 있었어
Oh oh 그 순간 내 두 눈 속에
너무 익숙했던 너의 뒷모습
그렇게 그리던
지난날 바로 너였어
눈이 부시게 아름다운 바닷가
나의 눈 속엔 그보다 고운 너였어
하얀 내 맘에 지난날
우리가 남긴 추억들
파도가 안기듯
다시 네게 돌아 오는걸
나와 마주친 당황한 네 얼굴
하지만 너의 곁에도
다른 누가 있는걸 워
너를 안고싶은 내 가슴
널 붙잡고픈 내 손길
허나 넌 이미
나를 둔채 멀어져갔어
Oh 하지만 널 돌아본 순간
두 눈에 흐르던 네 눈물 때문에
꼭 나처럼 기다린
너란걸 알았어 날 봐
다시 너에게 달려가는 나를 봐
찌는 태양도
내 사랑을 가릴순 없어
하얀 모래 위
우리의 사랑을 다시 새겨봐
이제는 내 사랑
너를 놓지 않을 테니까",시작 내곁 눈빛 순간 파도 눈물 사람 모습 너란걸 눈 않는걸 가릴순 바 때문 누구 채 별빛들 추억들 그녀 오는걸 별빛아래 가슴 익숙 사랑 당황한 생각 손길 테 비슷 있는걸 붙잡고픈 지난날 마음 얼굴 곁 바닷가 태양 머리 모 내겐 약속 뒷모습
2001,62,강성훈,축복,발라드,"알아 이제는 오지 않겠죠
그동안 너무 행복했어요
가끔 내게 전해 준 세상 얘기와
아름답던 꽃 고마웠어요
이제야 내 마음이 놓여요
감사한걸요
그대 가슴에 다시 핀 사랑에
하지만 그댄 모를꺼에요
그게 나란걸
보이지 않게 지켜 주고 싶죠
나 그댈 이렇게라도

아마 낯설지 않았었겠죠
그에게서만 느꼈었나요
그대 보면 반가워 뛰기만 했죠
할 수 있는 건 그것 뿐인데
이제야 내 마음이 놓여요
감사한걸요
그대 가슴에 다시 핀 사랑에
하지만 그댄 모를꺼에요
그게 나란걸
보이지 않게 지켜 주고 싶죠
나 그댈 이렇게라도
눈물이 나도 축복해 드릴께요
날 지우고 이제는
그대의 길을 가세요
부디 괜찮아요 난 워
난 축복받은 삶이죠 이렇게라도
사랑한 그대 곁에 머물도록
영원히 헤어지면 안돼요
그와는 제발
그럼 나와도 이별일 테니깐
꼭 영원하길 바래요
나 두 번 떠나지 않게",눈물 그댄 바 모를꺼에요 삶 행복 그동안 축복 영원하길 나란걸 가슴 사랑 사랑한 이별 세상 꽃 뿐 감사한걸요 마음 곁 테니깐 그것 얘
2001,63,싸이 (PSY),새,랩/힙합,"당신 너무나 이쁜 당신
항상 나 당신을 향해 행진
언제 거꾸로 신을지 몰라
고무신 근데도 너무 귀여운 당신
당신의 텅빈 머릿속에
꽉 차있는 담배 연기
아무데서나 담배를 피는 용기
아무데서나 화장을 고치는 굳은 심지
그러면서 남의 시선 남의 이목
남의 크고 작은 목소리
되게 신경쓰는 당신 좋지만
얄밉고 이쁘지만 열받게 구는
당신은 세뇨리따
남들이 다 뭐래도
나 당신만을 따라가리다
당신은 나만의 모나리자
곧 모든걸 바꿔보리다
내가 차지하리다
뭐 달라구 뭐 혼날라구 혼
힘내자구 힘 어쩌라구 어
나 한순간에 새됐스
당신은 아름다운 비너스
이랬다가 저랬다가 왔다 갔다
나 갖다가 너는 밤낮 장난하나
나 한순간에 새됐스
당신은 아름다운 비너스
너만을 바라보던 날 차버렸어
나 완전히 새됐어
두려운거야 드러운거야
아니면 좋아서 내숭떠는거야
show하는거야 뭐야
당신 나랑 지금 장난하는 거야
당신 갖긴 싫고
남 주긴 아까운거야
이 10원짜리야 여기선 웃어
나에게 와선
차가워 우선 사람을 만나면
사람만 봐라
어서 가로세로 전후 좌우
재가며 계산해가며
사람 만나면 혼난다는걸
모른다면 당신은 바보
무심코 뱉은 당신의 한마딘
내 마음에 파도
날 가지고 장난했다면
당신을 타도할거야
바로 잡아줄거야
바로 혼내줄거야
진심이었다면
당신의 일거수 일투족은
평생 나의 가보
oh feel me
뭐 달라구 뭐 혼날라구 혼
힘내자구 힘 어쩌라구 어
나 한순간에 새됐스
당신은 아름다운 비너스
이랬다가 저랬다가 왔다 갔다
나 갖다가 너는 밤낮 장난하나
나 한순간에 새됐스
당신은 아름다운 비너스
너만을 바라보던 날 차버렸어
나 완전히 새됐어
나 완전히 새됐어
나 완전히 새됐어
참을만큼 참았어
갈때까지 갔어
해줄만큼 해줬어
한도 끝도 없이 난 해줬고
정도 지나치게 당신은
날 완전히 뭉게 버렸어
성질나서 더는
못 해먹겠어 알았어
없어도 있는듯 몰라도 아는듯
눈웃음으로 모든 상황을
해결하는 니 속뜻
이젠 진짜 밉상 진상
꼴배기 싫은 니가 대장
니가 얼마나 멋진 남자 만나
어떻게 사나 평생 지켜본다
명심해라
너혼자 잘나
퉁퉁 튕기다가
하루 아침에 니가
뻥 튀길거다 명심 또 명심해라
그리고 뒤통수 조심해라
어떻게 내 마음을 전할까
어떻게 잡을 수 있을까
나보다 좋은 사람 만날까
너무 두려워 너무 싫어
제발 날 떠나지마
더 이상 혼자는 싫어
정말 싫어
나 완전히 새됐어",장난 아까운거야 두려운거 잡아줄거야 밤낮 남 명심해 시선 이목 드러운거 평생 뒤통수 비너스 새됐스 마음 아무데서 세뇨리따 조심해 당신 끝 계산 용기 좌우 힘 꼴배 사람 진심 밉상 머릿속 명심 바보 진상 뭉 정도 타도할거 지 전후 모든걸 뭐래 하루 언제 대장 상황 힘내자구 10원 혼내줄거야 이젠 새 행진 목소리 심지 너혼자 주긴 근데 담배 해결 고무 혼난다는걸 한마딘 갖긴 만큼 뻥 해먹겠어 속뜻 혼날라구 한 가보 진짜 화장 이상 어 혼 눈웃음 일거수 남자 일투족 연기 튀길거다 한순간 여기 아침
2001,64,샵,Sweety,댄스,"퐁당퐁당 너를 처음보고 난
두근두근 빠져 버렸지
오 달콤달콤 너의 눈을보고 난
어쩔 줄을 몰라 버렸지
웃기지도 않게 불쑥
내게 온 널 잡아 볼까
나 어떡해
어쩜 내 모습이 내가 우스워
널 닮는 모습이 점점 더 우스워
또 스르륵 니가 기다려 다가와 줘
나 도로록 니가 달콤해 사랑
내겐 너무나 사탕같은
어쩔수 없는걸 눈과 코와 입술 그 맛
너를 처음 만난건 네게 행운이었어
지켜지켜 없는 세상
너의 성격 필요해
oh 사탕같은 널 항상 안아주고 싶어
나나나말야 네가 필요하단 말야
문득문득 너의 입술 때문에
조심조심 키스 때문에
오 살랑살랑 너의 손길때문에
어쩔줄을 몰라 버렸어
바라지도 않던 내게 찾아온 널
사랑할까 나 이제
어쩜 네 모습도 내게 묻어나 날
닮은 니 모습 사랑해도 괜찮지
나 사라락 네가 날 감쌀때 짜릿해져
너 도로록 내가 널 안길때 안길때
날 안아버릴 때
난 너에게 안길때 이 시간이
영원히 멈추지 않기를
또 스르륵 니가 기다려 다가와 줘
나 도로록 니가 달콤해 사랑
내겐 너무나 사탕같은
어쩔수 없는건 손과 귀와 입술 그 맛
나 사라락 네가 날 감쌀때 짜릿해져
너 도로록 내가 널 안길때 안길때
날 안아버릴 때
난 너에게 안길때 그렇게 나
너에게 sweety
come on come on come on come on
baby baby baby
너의 집으로 뽀로록 달려가서
안아줄거야 너 사랑할거야
그렇게 널 사랑하는 거 나의 맘
오예 이제 나에게 조금
솔직히 이제는 나에게 좀 더
가까이 내몸이 두근두근 벌렁벌렁
come on come on come on come on
baby baby baby",두근두근 필요해 없는건 만난건 행운 달콤달콤 모습 눈 오 처음보고 시간 때문 도로록 손 사랑할거 귀 지켜지켜 손길때문 사탕 키스 입술 사랑해 달콤해 맛 필요하단 없는걸 뽀로록 사랑 집 오예 성격 사라락 세상 눈을보 벌렁벌렁 퐁당퐁당 안아줄거야 내겐 스르륵
2001,65,이브,I' ll Be There,록/메탈,"I'm so lonely I'm so lonely
그대 날 떠나간 그날 이후로
수많은 밤과 슬픈 아픔에도
너를 잊지못해 나는 혼자인 걸
그리워도 못잊어도
두번 다시는 볼 수 없겠죠
다 아는데도 그리 쉽지 않아
너를 잊지못해 나는 혼자인걸
I'll be there
나에겐 그대 하나 뿐이야
항상 너만 꿈꾸며 살아가는
나에게로
What a feeling I feel love
너도 알고 있잖아 많은
날이 지나도
I'll be there and I'll be
there and wait for you
소중한 사랑이란걸 알아
언젠가 나에게 가르쳐 주고
이제 나만 혼자 남아
I can't breath without you
and I can't live without you
I'll be there
나에겐 그대 하나 뿐이야
항상 너만 꿈꾸며 살아가는
나에게로
What a feeling I feel love
너도 알고 있잖아 많은
날이 지나도
I'll be there and I'll be
there and wait for you
I'll be there
I'll be there",뿐 소중 하나 혼자 이후 혼자인걸 사랑이란걸 밤 못잊어 그날 두번
2001,66,플라이 투 더 스카이,약속,R&B/Soul,"언제나 낯선 아픔들은
습관처럼 다시 찾아와
눈물을 짓지만
그대가 늘 미안해하던
초라한 현실은 영원하지 않죠
감사해요 그댈 보내주셨던
하늘이 우릴 지켜줄 것을
언젠가는 자유롭게 날아갈 수 있어
그대의 꿈처럼 우린
한걸음 또 한 걸음
그댄 포기하지 않아
난 믿어요 지쳐가겠지만
언제나 같을 순 없겠죠
더 많은 날들이 기다릴테니까
감사해요 그댈 보내주셨던
하늘이 우릴 지켜줄 것을
언젠가는 자유롭게
날아갈 수 있어
oh yes you will
그대가 꿈꿔왔던 것처럼
약속해요 나의 삶이
놓아줄 때까지 지켜줄 수 있어
널 사랑하니까
아름답게 맞으려 애써 준비했던
그 작은 바램도 가까이 있는 것
언젠가는 자유롭게 날아갈 수 있어
그대의 눈물이 꿈꾸던 날들은
너무 아름다울 것 같죠
우우우 워우워 예이 예",눈물 꿈 그댄 삶 포기 아픔들 현실 습관 하늘 순 날들 미안 워우워 준비 사랑 영원 예 기다릴테 초라 한걸음 감사 자유 약속
2001,67,플라워,Crying,록/메탈,"crying 초라한 나를 위로하지마
날 그냥 놓아줘
그래 비참한 나를 기다리지마
날 미워 해야 돼
don't cry
영원히 날 죽었다 생각해
그렇게 떠나가 워
crying
다시 네게 돌아가지 않아
끝난거야
이젠 don't cry
crying
미칠 것 같아
너는 혼자서 울고만 있는데
don't cry
나를 위해 넌 다시 시작해
나처럼 울어선 안돼
crying
먼 훗날에 우연히 만나면
외면하길 바래
don't cry
다시 네게 돌아가지 않아
끝난거야 crying
crying",시작 기다리지 비참한 끝난거야 초라 혼자 훗날 이젠 위로 외면하길 생각 바
2001,68,CB Mass,휘파람,랩/힙합,"M to the U SIC makes me high
M to the U SIC makes me fly

music 음악은 내삶 맘속에 휘파람
거친 바람이 부는 현실에도
음악이 주는 따뜻함은
차가웠던 내마음에

소중한 땔감 I'm flow yo
소리바다로 비트의 강약
위로 덤블링을 타고
힘차게 흔들리는 저 equalizer
물결 위에서 나 파도 타고(Yo!yo!yo!yo!)

다같이 maki''n it move!
리듬에 맞춰서 두비둡두
음악만 있다면 돈 없이도
살 수 있고 얻은것이 뭐냐고 왜

여유를 얻은 것이 첫 번째
사랑과 평화를 얻은 것이 두번째
또 세 번째는 삶의 지혜
like 다윗 king's wisdom을 얻은 것
또 check(one two)

Whenever you call me I'll be there
Whenever you want me I'll be there
Whenever you need me I'll be there
I''ll be around

every day every night
늘상 즐겨 들어왔던 favorite beat속에
감춰진 내 삶에 값진 선물
MUSIC mekes me high
어디든 어느 곳에있던

음악과 같이하는 삶이란
음악이 내게 주는 기쁨이란 말해 뭐해
이게바로 fantastic

너의 환상은 농담처럼 진담이 되고
우리의 삶은 음악에서 배우고
나 또한 그렇게 살아가고
손에서 손으로 잡은 나의 마이크

지식과 지혜를 돕는 나의soul mate
인생을 환히 비춰줄 music 나의 light
황폐한 세상에 단 하나의 빛으로
내 삶을 채우고

Whenever you call me I'll be there
Whenever you want me I'll be there
Whenever you need me I'll be there
I''ll be around

Don''t stop keep yo!
이노래를 듣고 춤추는 사람들
keep on move it 내 준비를
beat to the beat yo! music

오직 내 맘속에 빛
날 비춰 주는 따스한 햇살같이
지친 내 영혼의 안식처
music makes me high

내 주위 대기를 메운 선율 속에 나 fly
내 귓속 고막의 깊은 진동으로부터
뭉클한 감동으로 온몸으로 퍼져
소리속 nirvana 툭툭 털어 버려

걱정이 너무 많아
beat 속에 너를 맡겨 또 안겨
자궁속 기억으로부터
포근한 화음으로부터
그로부터 노랫가락 타고

여유를 찾고 깊게 Straight to 영혼에
스며드네 맘속에나 그대 귓속에 흔드네
그대와나 함께 club에서 음악 속에
같은 시간 속에 과거와 현재
교차로 그곳에

M to the U SIC makes me high
M to the U SIC makes me fly
M to the U SIC It''s my life
M to the U SIC makes me high

Whenever you call me I'll be there
Whenever you want me I'll be there
Whenever you need me I'll be there
I''ll be around

Whenever you call me I'll be there
Whenever you want me I'll be there
Whenever you need me I'll be there
I''ll be around

Whenever you call me I'll be there
Whenever you want me I'll be there
Whenever you need me I'll be there
I''ll be around -",다윗 걱정 물결 황폐 평화 영혼 귓속 곳에있던 고막 첫 감동 포근한 지혜 환상 노랫가락 교차 시간 삶 타고Yo 덤블링 어디 손 이노래 주위 소중 햇살 인생 따스한 내삶 현실 휘파람 비트 지식 온몸 나의soul 소리바다 다같 두번 두비둡두 바람 선율 소리속 감 준비 사랑 이게바 마이크 여유 세상 사람들 진동 선물 하나 파 리듬 자궁속 빛 따뜻함 대 기억 화음 내마음 안식처 그곳 음악 과거 농담 세 진담 강약
2001,69,델리스파이스,항상 엔진을 켜둘께,"인디음악, 록/메탈","휴일을 앞둔 밤에 아무도 없는 새벽
도로를 질주해서 바닷가에
아직은 어두운 하늘 천평궁은 빛났고
차 안으로 스며드는 찬공기들

기다릴께 언제라도 출발할 수 있도록
항상 엔진을 켜둘께
너와 만난 시간보다 많은 시간이 흐르고
그 바닷가에 다시 또 찾아와

만약 그때가 온다면 항상 듣던 스미스를
들으며 저 멀리로 떠나자

기다릴께 언제라도 출발할수 있도록
항상 엔진을 켜둘께 -

기다릴께 언제라도 출발할수 있도록
항상 엔진을 켜둘께
돌아오지 않더라도 난 여기에 서 있겠지
아마 엔진을 켜둔 채

기다릴께 언제라도 출발할수 있도록
항상 엔진을 켜둘께
돌아오지 않더라도 난 여기에 서 있겠지
아마 엔진을 켜둔 채 -",리 엔진 아무 시간 채 차 출발 하늘 밤 도로 안 새벽 스미스 천평궁 휴일 찬공기들 여기 질주 언제 바닷가 그때
2001,70,신성우,이연(異緣),록/메탈,"집으로 가는 골목길
문득 너의 생각에
가슴에 고이 접어 놓은
노파심을 꺼내어 보며
네가 슬퍼 하진 않는지
혹시 외로워 하진 않는지
오늘도 별들에게 물어
내 마음을 달래어 보네
혹시 잠시라도
네가 힘에 겨워 쓰러지려 할 때
그때 내게로 와
내가 너의 별이 될 테니
세상 어느 곳에 네가 있다 해도
세상이 모두 널 뒤로 한대도
날 지키는 저 별처럼
늘 곁에 있을 테니까
세상 어느 곳에 네가 없다 해도
세상을 모두 네가 등진대도
날 지키는 저 별처럼
내가 널 지킬 테니까
영원히

세상 어느 곳에 네가 있다 해도
세상이 모두 널 뒤로 한대도
날 지키는 저 별처럼
늘 곁에 있을 테니까
세상 어느 곳에 네가 없다 해도
세상을 모두 네가 등진대도
날 지키는 저 별처럼
내가 널 지킬 테니까
영원히",힘 등진대 저 뒤 겨워 한대 노파 내게로 가슴 오늘 집 별 생각 세상 테 마음 곁 고 그때 골목길
2001,71,신화,"Hey, Come On !",댄스,"Break it on down stop
지금이 바꿔버릴 때
거침없이 날아 갈 수 있게 나
타이르고 날 말리고
소용없어 이쯤에서 포기해
어둠속에서 울다 지친 나
이젠 지쳐 소리쳐 깊은
절망속에서 외쳐
더는 갈곳이 없던 힘든 세상에
네가 원했던 꿈을 난 찾을
수 없어 Yeah
Hey hey Come on come
on come on
갇혀버렸던 미래
Hey hey Come on come on
포기하지는 마
Hey hey Come on come
on come on
지켜내야 돼 이젠
Hey hey Come on come
on yo
Break it on down break
it on down
멀리 지났다고 돌아간 걸까
빨리 올라와
break it 넌 항상 비슷해 흘린
투에 Think Uh
내 말은 strategies 기억해라
크게 세상의 속을봐 속에
네 모습을 지켜
참아야만 했어 나의 모든 걸
나 지친 숨가쁜 이젠 나
쓰러 질 것 같은
짧은 순간들 속에 지쳐 가는 나
내 모든걸 위해 참을 수
없어 Yeah
Hey hey Come on come
on come on
찾아 헤맸던 미래
Hey hey Come on come on
멈추지는 마
Hey hey Come on come
on come on
이겨내야 해 이젠
Hey hey Come on come on
Just break it on down
break it on down
언제나 같은 곳의 나
멈춰진 시간 속에 서 있는 너
더 이상 주저하지마
깊은 곳에 빠져 있던 너만의
꿈을 위해
All right 이제 날 너만의 틀에
가둘 순 없잖아
나 견딜 수가 없어 이젠 더 이상
All right 이제는 세상이 나를
버릴 순 없잖아
Hey hey Come on come on yo
Break it on down break
it on down
Hey hey Come on come
on come on
찾아헤맸던 미래
Hey hey Come on come on
멈추지는 마
Hey hey Come on come
on come co
이겨내야 해 이젠
Hey hey Come on come on yo
Break it on down break
it on down
Hey hey Come on come
on come on
갇혀버렸던 미래
Hey hey Come on come on
포기하지는 마
Hey hey Come on come
on come on
지켜내야 돼 이젠
Hey hey Come on come on yo
Break it on down break
it on down
Hey Come on",어둠속 리 모습 시간 찾아헤맸던 이상 틀 포기 절망속 이쯤 순 갈곳 주저 미래 기억해 세상 속을봐 모든걸 투 순간들 비슷 지금 이젠 꿈 소용
2001,72,클릭비 (Click-B),백전무패 (百戰無敗),댄스,"내가 하는것마다 백전무패
아주 쉬운 일에서도 쓰러지네
무슨일이던지 절대 안돼
이 세상에 태어난게 후회가 돼 그래
뻔한 인생속에 무너져 가네
끝이 보이고 있네
내가 하는것 마다 백전백패
다른 사람이 하는 것은 백전무패
아무것도 볼 수 없는 나의 미래
때문에 내 자신조차도 싫어지네
Got a get it get it 더 이상 너 그렇게
의미 없이 살지마
Got a hit it hit it 세상을 다 모두 다
너의 손아귀에 이제 쥐어봐
더 이상 숨을때도 없어
도망칠 기운도 안 남았어
비참한 인생은 필요 없어
더는 나도 참지 못하겠어
두갈래 길에 멈춰있어
하나의 선택만이 남아있어
뒤돌아 보지 말고 뛰어
그러면 앞날이 보장되어 있어
나나나나나 힘든세상
나나나나나 Hit it Hit it
나나나나나 이제 두고봐
나나나나나 막지마
너 겁먹지 말고 일어나
세상 앞에서 너 두려워 울지마
너 모든걸 다 걸고 싸워 한번
부딪쳐봐 이제 세상을 가져봐
Got a get it get it
더 이상 너 그렇게 의미 없이 살지마
Got a hit it hit it 세상을 다 모두 다
너의 손아귀에 이제 쥐어봐
쉬운일에서도 쓰러지네
무슨일이던지 백전백패
이 세상에 온게 후회되네
뻔한 인생속에 내 존재
나의 머리위를 밟고있네
모두 나만 빼고 백전무패
자신조차도 싫어지네
아무것도 볼게 없는 나의 미래
나나나나나 힘든 세상
나나나나나 Hit it Hit it
나나나나나 이제 두고봐
나나나나나 막지마
난 아직 끝난 것이 아니야
매일 쓰러져도 난 다시 일어나
너 모든걸 다 걸고 싸워 한번
부딪쳐봐 이제 세상을 가져봐
단 한번의 일생에도 모험이란
없고 또한 얌전하게 살고 Oh No
위험이란 내 사전에 없고 나
역시나 용기 따위는 없고
Back Back Back Back Back Back
자신을 바꿔나가
Back Back Back Back Back Back
용기를 키워나가
난 아직 끝난 것이 아니야
매일 쓰러져도 난 다시 일어나
난 세상의 끝에서 이제 저 하늘
끝까지 나는 날아갈 수 있어
너 겁먹지 말고 일어나
세상 앞에서 너 두려워 울지마
너 모든걸 다 걸고 싸워 한 번
부딪쳐봐 이제 세상을 가져봐",필요 백전백패 의미 쉬운일에서 얌전 후회 사람 인생속 보장 힘든세상 때문 이상 인생 위험 일 존재 하늘 선택만 일생 앞날 두갈래 사전 막지 모험 미래 한번 기운 볼 따위 마다 지 세상 모든걸 하나 무슨일 끝 손아귀 비참 아무것 용기 백전무패 머리위 자신
2001,73,문차일드,사랑하니까,록/메탈,"들리지 않아도 나에게 하고픈
니 얘길 다 알아
늘 내가 걱정돼 한숨만 내쉬며
행복을 바라겠지
차라리 너를 하얗게 잊어내며
좋은 사람 만나라고
하고 싶겠지
널 위해서라면
전부터 넌 세상에 없었던
사람이 되길 빌잖아
어떻게 아냐고
그렇게 내가 비니까
멀리 있지만 아마도
우린 같을 테니까
허락된 인연은
다 하고 말았지만
아직도 너와 난 하나라고
느껴질 만큼 사랑하니까
보이지 않아도 지금 넌
어떻게 지낼지 다 알아
왜 사는지 조차
그 이유 모른 체
또 하룰 보냈겠지
누굴 만나도 그 어디에 있어도
마음은 늘 같은 곳을
향해 있겠지
애써 참지만
서글픈 노래라도 들리면
넌 그만 울고 말거야
어떻게 아냐고
그렇게 내가 사니까
멀리 있지만
아마도 우린 같을 테니까
닿을 수 없는 곳에 슬픔이어도
이렇게 헤어져도
우린 사랑하니까
슬퍼하지마
함께 할 내가 없음을
난 니가 되고
넌 내가 되어 살면 되잖아
마음으로 이미
서로를 가진거야
저 하늘마저도
그것만은 어쩔 수 없게
사랑하니까",걱정 사람 체 슬픔 허락 되길 하고픈 어디 행복 노래 이유 하늘 인연 누굴 말거야 얘길 하룰 한숨 사랑 세상 가진거야 테 하나 마음 전 만큼 그것 서로 조차
2001,74,터보,Love Is (Dance Mega Mix Ver.),댄스,"우린 6년전에 만났지

널 사랑하게 됐어

내 마음을 숨긴체

널 따라 다녀었지

내 친구는 나를 위해 애썼고

마침내 내 사랑을 3년만에

고백하게 됐어

처음 만났을때

첫눈에 반한다는

그말을 그때야 알게 되었어

눈이 부시도록 아름다워

너의 눈빛조차

쳐다볼 수 없었지

너를 만나면 아무말 못하고서

애매한 담배만 피워댔고

너와 헤어지고 나서야

못다한 말들을 후회했어

세월 흘러가서 3년되던 날

나 얼마나 너를 사랑하는지

그때서야 힘겨운 고백을 했어

아무 대답없이 앉아만 있던 너

무슨 얘기라도 해주길 바랬어

한참 지난후에 어렵게 꺼낸 말

너도 나를 좋아 한다는 그말

나를 친구로써 좋아는 하지만

사랑 느낀적은 없다고

영원히 좋은 친구로만 남아

사랑은 하지 말자고



다행일지 몰라 이런 일들이

널 맡겨논 가장 친한 친구가

네게 생긴 새로운 사랑이란게

혹시 다른남자 사랑을 했다면

다신 너를 볼 수가 없을테니까

가장 친한 친구 애인이 됐으니

니가 행복한걸 볼 수 있잖아

친군 내 앞에서 미안해 하지만

나는 아무렇지 않을걸

어차피 너의 곁에 남은 채로

너만을 사랑할테니",고백 눈빛 친군 해주길 다행 후회 체 첫눈 3년되 눈 채 적 없을테 맡겨논 3년 애매 못다한 들 담배 미안 그말 않을걸 애인 사랑 친구 지난후 행복한걸 다른남자 아무말 다녀었지 마음 곁 그때 대답 6년 얘 세월
2001,75,유엔,선물,발라드,"그대 두 눈가에 흐르는
눈물을 바라보면 가슴 아파요
행복하게 하지 못해서
세상에 태어나 처음 후회가 돼요
나 부족 하지만 그댄 힘이 들 때
오히려 날 위로 하네요
하얗고 작은 손에 끼워 준 반지
작은 선물 하나도 눈물을 글썽 거리는
그런 널 나는 사랑하니까
너무 모자라니까
그댈 생각하면 눈물이 흘러
너무도 부족한 사랑 그댈 지키고 싶은
내 맘 항상 잊지 말아요
그대 뒷모습을 보면서
이렇게 이기적인 내가 미웠죠
비 내리는 창가에 서서
가득히 너를 안고 말하고 싶어
나 다시 태어나 너를 사랑해도
그 때도 날 만나 주겠니
이 세상 누구보다 소중한 사람
언제나 내 곁에서 환하게 웃을 수 있는
그런 널 나는 사랑하니까
너무 모자라니까
그댈 생각하면 눈물이 흘러
너무도 부족한 사랑 그댈 지키고 싶은
내 맘 항상 잊지 말아요",눈물 사랑해도 힘 후회 사람 부족한 그댄 손 비 누구 행복 소중 이기적 글썽 가슴 사랑 생각 세상 창가 부족 반지 눈가 선물 하나 곁 뒷모습 환
2001,76,이수영,Never Again,발라드,"말론 다 못하겠죠 이 내 마음을
처음 그대 보았을때 생각이 나요
어렵사리 키워온 나의 사랑은
이대로 묻어야겠죠 없던것처럼
그대만을 바라보는 그녀는 어떻해
눈물삼키며 say good bye
이럴수밖에 없는 나
원망스러워
내게 남은 시간 그대와 할수있다면
마지막 내곁을 그대가 지켜준다면
정말 기쁘게 떠날수있을텐데
돌아가요 이미 늦었잖아요
지금도 그녀는 그대를 기다려요
행복한 모습 지켜볼수 있게해줘
plz let me go

그대만을 믿고있는 그녀를 지켜요
눈물삼키며 say good bye
행복하길 바래요
얼마안돼는
내게 남은 시간 기쁘게 살아갈께요
그대라는 사람 만난건
하늘이 내게 주신 마지막
선물이란걸 알아
돌아가요 이미 늦었잖아요
지금도 그녀는 그대를 기다려요
행복한 모습 지켜 볼수있게 해줘
plz let me go
you'll have forget me
말로 못한 내 진심은 잊어요
붙잡고 싶지만 이내 슬퍼할 그대를
볼수없어 나 그냥 혼자갈께요
never come to me again

never come to me again
never come to me
never come to me
never come to me again",내곁 혼자갈께요 사람 만난건 모습 얼마안 바 시간 행복 진심 하늘 선물이란걸 마지막 그녀 어떻해 말론 이럴수밖 사랑 행복하길 생각 이대 마음 눈물삼키 원망
2001,77,이지훈,인형 (Duet 신혜성),발라드,"아침이 오는 소리에 난 잠이 들어요
오늘도 역시 그대 날
잊고 보냈었는지
그렇게도 쉽게 괜찮을수 있는지
항상 변함이 없었던
그대 떠나간게
믿을수 없어 힘들었죠
그냥 그렇게 서로가
조금씩 잊혀 가겠죠
사랑한단말 조차도 소용없겠죠
미안해요 이기적인 나였죠
사랑한단 이유로
내곁에만 두려 했었던걸요
그래요 난 가장 중요한걸
모르고 있었죠
사랑한다면 그대가
언제나 행복해야죠
보고 싶겠죠 그건 어쩔수 없겠죠
하지만 힘들진 않게할게요
한동안 많이 아파
울다 지쳐 그대를 찾겠죠
신경쓰지말아요
난 잠시뿐일 테니까
괜찮아요 이대로 있을게요
당신과 상관없이
그냥 홀로 지킬 수 있는걸요
사랑해요 정말
한순간도 변함이 없어요
그대없는 빈자리도
사랑하며 살아갈게요
보고싶겠죠 그건 어쩔 수 없겠죠
하지만 힘들진 않게할게요
한동안 많이 아파
울다 지쳐 그대를 찾겠죠
신경쓰지 말아요
난 잠시뿐일 테니까
오 그래요 난 바보같지만
우리 지난 기억들
간직하며 홀로 지키고 있을게
한동안 많이 아파
울다 지쳐 그대를 찾겠죠
신경쓰지 말아요
난 잠시 뿐일 이별이니까",내곁 소리 있을게요 했었던걸요 사랑한단 있을게 오 잠시 행복 않게할게요 서로 사랑한단말 이기적 이유 그대없 조금씩 기억들 있는걸요 살아갈게요 바보 미안 중요한걸 힘들진 오늘 한동안 사랑 이별 테 간직 뿐 한순간 빈자리 아침 이대 당신 그것 잠 조차 소용
2001,78,샤크라,끝 (End),댄스,"제각기 있기 였기 때문이기
사랑했기 때문이기
하루지기 이야기 이야기
잊지않기 제각기 이기적
이었기 때문이기
사랑했기 때문이기 영원지기
이야기 이야기
제각기 있기 였기 때문이기
우리의 이야기 이야기
끝에 저 끝에 내가 보내야 하나
사랑이 여기서 end end야
너와의 모든 게 over over
over over
그대의 기억이 end end야
사랑의 끝이야 never never
never never
행복하라며 기다리지 말라며
부디 잊으라 하며 사랑했다며
끝에 끝이여 나의 사랑의 끝
다시 올 수 없을 내 사랑아
그대가 영원한 내 마지막
사랑이었음을
하늘에 바랄 뿐이야
끝에 끝이여 나의 사랑의 끝
다시 올 수 없을 내 사랑아
우리가 영원히 저 세상 끝까지
함께 할 수 없음이 슬플 뿐이야
끝이여 끝이 아니길 비는
우리의 이야기 이야기
끝이여 끝이 아니길 비는
우리의 이야기 이야기
끝이여 끝이 아니길 비는
우리의 이야기 이야기
끝이여 끝이 아니길 빌어
끝에 저 끝에 내가 보내야 하나
기다릴테니 찾아오길 바라며
부디 잊지 않기를 사랑했기에
끝에 끝이여 나의 사랑의 끝
다시 올 수 없을 내 사랑아
그대가 영원한 내 마지막
사랑이었음을
하늘에 바랄 뿐이야
끝에 끝이여 나의 사랑의 끝
다시 올 수 없을 내 사랑아
우리가 영원히 저 세상 끝까지
함께 할 수 없음이 슬플 뿐이야
사랑이 여기서 end end야
너와의 모든 게 over over
over over
그대의 기억이 end end 야
사랑이 끝이야
끝에 끝이여 나의 사랑의 끝
다시 올 수 없을 내 사랑아
사랑의 끝이여 다시 만나기를
슬픔으로 영원한 끝에 끝이여",하루지기 때문 행복 찾아오길 이기적 하늘 너와 마지막 영원지기 사랑 이야기 영원 끝이 세상 end야 뿐 여기 하나 기억 였기 아니길 끝
2001,79,김경호,희생,록/메탈,"왜 이제야 내게 돌아온 거니
널 품었던 가슴에
다시 누굴 안는다는 것이
죽을 만큼 미안한 후에야

그저 바람이라고 날 생각해
나의 아픈 사랑과
미치게 널 잡고 싶은 맘도
떨쳐내 줄테니

넌 잊어야해 이미 다른
사랑이 된 날 위해서
널 울게 한 미움만 가득하도록
그 힘으로 행복하면 돼

지금 나를 보는 그녀 모습은
널 보는 나이기에
차마 버릴 죄를 짓지 못해
나를 용서해줘

그녀에게 평생 갚아야만 될
나는 빚이 남았어
사는 동안 가슴 깊은 곳에
너를 둘테니까

넌 잊어야해 이미 다른
사랑이 된 날 위해서
널 울게 한 미움만 가득하도록
그 힘으로 행복하면 돼

기억조차 쓰러지는 날까지
너를 사랑하다 갈
날 니가 알지 못하게 해
두 번 울지 않게

니가 날 버려줘",용서 힘 가득 모습 행복 미움 죄 미안 그녀 바람 누굴 평생 가슴 사랑 후 기억 만큼 생각해 빚 둘테 동안
2001,80,김장훈,혼잣말,발라드,"추억이 소중한 이유
흐름 속에 머물러 있다는 것
수줍게 두손을 잡던 너와 나를
만날 수 있다는 것
하지만 아무리 그리워도
두번 다시 그때로 돌아갈수 없기에
조금 더 잘해주지 못하고
울리던 일들만 마음에 남아
이젠 내가 눈물이 날까
아직 내 맘속엔 하루에도
천번씩 만번씩 네가 다녀가
잊어도 잊어도 눈물이 흐를 너인데
친구도 될수 없는 너
둘이 되어 흘러가는 구름처럼
괜찮아 말하며 혼자 더 슬퍼져
죽을만큼 힘들어
혹시나 어리석은 마음에
네 편지도 사진도 버리지 못하는 나
그동안 너무 고마웠다고
전하지 못한 말 혼자 되뇌며
눈물 속에 널 보냈지만
아직 내 맘속엔 하루에도
천번씩 만번씩 네가 다녀가
잊어도 잊어도 눈물이 흐를 너인데
눈물속에 널 보냈지만
아직 내 맘속엔 하루에도
천번씩 만번씩 네가 다녀가
잊어도 잊어도 눈물이 흐를 너인데",눈물 소중 이유 추억 천번 그동안 눈물속 들 두번 만번 두손 구름 친구 사진 마음 하루 둘 만큼 그때 이젠
2001,81,박상민,연인(戀人),발라드,"너를 잊기 위해서
어떻게 해야하는지
이제와서 후회한다 해도
아무런 소용 없겠지만
너에겐 너무 모자란
나란 걸 알고 있기에
널 보낼께 그리고 내 맘에
남은 미련도 하나까지 모두다
나보다 더 널 사랑한
사람이면 떠나가도 돼
행복하기만 바랄께
난 괜찮아
너무 슬퍼 하지는 마
너 없이도 살 수 있을테니

너에겐 너무 모자란
나란 걸 알고 있기에
널 보낼께 그리고 내 맘에
남은 미련도 하나까지 모두다
지워버려 나와 함께한
기억은 꿈을 꾼거야
그렇게 생각 하면돼
바람처럼 스쳐간 사람이라고
이제 우린 모두 끝난거야
널 위해서 떠난다고 말하지만
그게 아니야 나도
미칠 것만 같아
이런 사랑 다시는 없을 거라고
약속할께 나 죽는다 해도
널 가질수 없는
나를
용서해줘
제발",이제와 행복 모두 용서 하나 기억 약속 끝난거야 후회 사람 사랑 사랑한 하면돼 생각 꾼거야 꿈 미련 소용
2001,82,서태지,환상 속의 그대 (2000-2001 live),록/메탈,"결코 시간이
멈춰질 순 없다 Yo
무엇을 망설이나
되는 것은 단지 하나뿐인데
바로 지금이
그대에게 유일한 순간이며
바로 여기가 단지
그대에게 유일한 장소이다
단지 그것뿐인가
그대가 바라는 그것은
아무도 그대에게
관심을 두지 않는다
One Two Three Let's go
그대는 새로워야 한다
아름다운 모습으로 바꾸고
새롭게 도전하자
환상 속엔 그대가 있다
모든 것이 이제 다
무너지고 있어도
환상 속엔 아직 그대가 있다
환상 속의 그대

그대의 환상
그대는 마음만 대단하다
그 마음은 위험하다
자신은 오직
꼭 잘 될 거라
큰 소리로 말하고 있다
하지만 지금 그대가
살고 있는 모습은 무엇일까
환상 속엔 그대가 있다
모든 것이 이제 다
무너지고 있어도
환상 속엔 아직 그대가 있다
환상 속의 그대

세상은 Yo
빨리 돌아가고 있다
시간은 그대를 위해
멈춰 기다리지 않는다
사람들은
그대의 머리 위로 뛰어다니고
그대는 방안 구석에 앉아
쉽게 인생을 얘기하려 한다
환상 속엔 그대가 있다
모든 것이 이제 다
무너지고 있어도
환상 속엔 아직 그대가 있다
환상 속의 그대",순간 소리 사람 구석 모습 도전하자 환상 아무 시간 인생 위험 얘기 대단 순 무엇 방안 세상 장소 여기 하나 마음 지금 머리 관심 그것 자신
2001,83,유승준,어제 오늘 그리고,댄스,"지난 날 다시 찾아갈 순 없다
깨친다 그 까닭 그 대답
흘러간 건 지금의 대해 다
아무런 대답 얻을 순 없다
어제 내가 얻은 건
대체 무엇인가
인생을 가책 속에
담으려 했었던가
내 육체 속에
간직한 채 가려는가
잊은 채 그냥
뒤돌아서려는가
바람소리처럼 멀리
사라져갈 인생길
우린 무슨 사랑 어떤 사랑 했나
텅 빈 가슴속에
가득 채울 것을 찾아서
우린 정처 없이
떠나가고 있네
여기 길 떠나는
저기 방황하는 사람아
우린 모두 같이
떠나가고 있구나
끝없이 시작된 방황 속에서
어제도 오늘도 나는 울었네
어제 우리가 찾은 것은
무엇인가
잃은 것은 무엇인가
버린 것은 무엇인가
오늘 우리가 찾은 것은
무엇인가
잃은 것은 무엇인가
남은 것은 무엇인가
yo one three
불타는 내 행위
내 주위를 감싸는
공간의 지위
저 끝 하위 내 죽은 과거의
무리 묻어두리
한낮 헛된 꿈
지금가야 할 길은
또 그 닫는 곳은
어제 내일만큼 가깝지 만은
오 더 멀어질 뿐
오 더 멀게만 느껴질 뿐
어떤 날은 웃고
어떤 날은 울고 우는데
어떤 꽃은 피고
어떤 꽃은 지고 있네
오늘 찾지 못한
나의 알 수 없는 미련에
헤어날 수 없는
슬픔으로 있네
여기 길 떠나는
저기 방황하는 사람아
우린 모두 같이
떠나가고 있구나
끝없이 시작된 방황 속에서
어제도 오늘도 나는 울었네
어제 우리가 찾은 것은
무엇인가
잃은 것은 무엇인가
버린 것은 무엇인가
오늘 우리가 찾은 것은
무엇인가
잃은 것은 무엇인가
남은 것은 무엇인가
어제 우리가 찾은 것은
무엇인가
잃은 것은 무엇인가
버린 것은 무엇인가",가슴속 시작 가책 지위 사람 가려는 뒤돌아서려는 오 채 저 주위 인생 지금가야 하위 어제 순 바람소리 피 내일 방황 한낮 육체 무엇 정처 행위 오늘 사랑 인생길 꽃 미련 뿐 까닭 만 지금 무리 끝 대답 죽 과거 공간 간직
2001,84,이문세,기억이란 사랑보다,발라드,"내가 갑자기 가슴이 아픈 건
그대 내 생각하고 계신거죠
흐리던 하늘이
비라도 내리는 날
지나간 시간 거슬러
차라리 오세요
내가 갑자기 눈물이 나는 건
그대 내 생각하고 계신거죠
함박눈 하얗게
온 세상 덮이는 날
멀지 않은 곳이라면
차라리 오세요
이렇게 그대가 들리지 않을
말들을 그대가 들었으면
사랑이란 맘이
이렇게 남는건지
기억이란 사랑보다 더 슬퍼
기억이란 사랑보다 더 슬퍼

내가 갑자기 눈물이 나는 건
그대 내 생각하고 계신거죠
새하얀 눈꽃이
온 세상 날리는 날
멀지 않은 곳이라면
차라리 오세요
이렇게 그대가 들리지 않을
말들을 그대가 들었으면
사랑이란 맘이
이렇게 남는건지
기억이란 사랑보다 더 슬퍼
기억이란 사랑보다 더 슬퍼",눈꽃 기억 눈물 가슴 하늘 계신거죠 사랑 들 함박눈 생각 시간 세상
2001,85,엄정화,다가라,댄스,"이제 맘 편해졌어
누구도 사랑하지 않기로 한 거야
항상 상처뿐인데
구속따윈 필요없어
이제부터 늦더라도 아무 부담 없어
애써 전화보고 할 일도 없잖아
누굴 만나든지 어디를 가든지
이젠 내 맘대로 야
다가라 Hey Boys 다신 내 삶을
사랑이란 말로 가둬 두진마
다가라 Hey Guys 다신 내 눈에
그런 눈물 따윈 없을 테니까
모두 다 똑같은 말
나 밖에 없단 말로 위로하려 하지
혹시 말 맞춘 건지 첫사랑은 다 떠났대
술 취한 밤 전활 해서 왜 그리 우는지
첨엔 나에게만 그런 줄 알았어
그런 모습조차 보고 싶지 않아
이젠 내 세상이야
다가라 Hey Boys 다신 내 삶을
사랑이란 말로 가둬 두지마
다가라 Hey Guys 다신 내 눈에
그런 눈물 따윈 없을 테니까
더 이상은 속지 않아 어떤 달콤함도
항상 소유하고 싶을때 뿐이야
이젠 자유롭게 날아보고 싶어
갇힌 내 맘을 열어
다가라 Hey Boys 다신 내 삶을
사랑이란 말로 가둬 두지마
다가라 Hey Guys 다신 내 눈에
그런 눈물 따윈 없을 테니까
다가라 Hey Boys 다신 내 삶을
사랑이란 말로 가둬 두지마
다가라 Hey Guys 다신 내 눈에
그런 눈물 따윈 없을 테니까",구속따윈 필요 떠났대 첨 눈물 모습 자유 눈 밖 위로 삶 어디 부담 누구 이상 전화보고 일 술 밤 두진마 누굴 활 소유 사랑 두지마 따윈 세상 테 첫사랑 뿐 상처 이젠 다가 다가라 달콤함
2001,86,제이,가장 슬픈 말,R&B/Soul,"처음 본 듯한 너의 행복한 모습
그녀와 함께 있는 네가 어색해 보여도
너무 잘 어울리는 걸
네게 잘해 줄 것만 같아
그녀는 정말 따뜻해 보여
I start to cry
when I hear you say goodbye
애써 웃어 보려 해도 내 맘은 울고있어
since the day you've gone
everyday and everynight I cry
너를 향한 사랑을 네가 알 수 없도록
감춰둬야 해
이해하겠니 사랑도 넘치면
또 쉽게 이별이 와 다신 우릴 볼 수 없게 해
서툰 나의 고백으로 어쩜 널 잃게 될지 몰라
차라리 그냥 지금 이대로
It breaks my heart do you know
I can't have you now
애써 웃어 보려 해도 내 맘은 울고있어
since the day you've gone
everyday and everynight I cry
너를 향한 사랑을 네가 알 수 없도록
감춰둬야 해
이 세상에 가장 슬픈 나의 말을 넌 알고있니
닿을 수 없는 내 고백처럼 사랑해
so for love
생애 두 번은 못 올 만큼
언제까지나 널 사랑해
since the day you've gone
everyday and everynight I cry
지금 네 앞에 다가온
그녀와의 사랑으로 행복하다면
나를 지워줄게",행복 고백 어색해 이대 언제 세상 만큼 사랑 모습 생애 따뜻해 이별 이해 그녀 사랑해
2001,87,정일영,기도,"발라드, 국내드라마","혹시 나를 떠나려는 그대 맘이
힘든 나를 위해서 그런 이유인가요
하루만큼 멀어져도 괜찮아요
그대 어디 있어도 사랑인걸 믿어요
그땐 난 미처 몰랐죠
나를 보던 그대 눈빛
작은 그대 어깨조차도
안아줄 수 없던 내가 싫었죠
언제까지 슬픈 운명 우릴 갈라놓아도
또 다시 그대 맘을 울리지는 않을 거예요
어떤 것도 나의 그댈 대신할 수 없기에
이제는 그대보다 소중한 건
내게 없단 걸 아나요
나를 보며 웃는 그대 그 미소가
내게 너무나 벅찬 그런 행복인걸요
더 가까이 기대와도 괜찮아요
그대 숨결 느끼는 지금 이 순간처럼
그땐 난 미처 몰랐죠
나를 보던 그대 눈빛
작은 그대 어깨조차도
안아줄 수 없던 내가 싫었죠
언제까지 슬픈 운명 우릴 갈라놓아도
또 다시 그대 맘을 울리지는 않을 거예요
어떤 것도 나의 그댈 대신할 수 없기에
이제는 그대보다 소중한 건
내게 없단 걸 아나요
언제까지나 여기 있어요
작은 손길 닿는 곳에
그대 사랑이 나를 불렀죠 그대 곁으로
언제까지 슬픈 운명 우릴 갈라놓아도
또 다시 그대 맘을 울리지는 않을 거예요
어떤 것도 나의 그댈 대신할 수 없기에
이제는 그대보다 소중한 건 내게 없단 걸",눈빛 순간 대신 거예요 미소 사랑인걸 행복인걸요 소중 어깨 이유 사랑 그땐 손길 하루 언제 곁 운명 지금 숨결
2001,88,엄태환,흐린 가을 하늘에 편지를 써,포크/블루스,"비가 내리면
음 나를 둘러싸는
시간의 숨결이 떨쳐질까
비가 내리면
음 내가 간직하는
서글픈 상념이 잊혀질까
난 책을 접어놓으며
창문을 열어
흐린 가을 하늘에 편지를 써
잊혀져 간 꿈들을
다시 만나고파
흐린 가을 하늘에 편지를 써
잊혀져 간 꿈들을
다시 만나고파
흐린 가을 하늘에 편지를 써

바람이 불면
음 나를 유혹하는
안일한 만족이 떨쳐질까
바람이 불면
음 내가 알고 있는
허위의 길들이 잊혀질까
난 책을 접어놓으며
창문을 열어
흐린 가을 하늘에 편지를 써
잊혀져 간 꿈들을
다시 만나고파
흐린 가을 하늘에 편지를 써
난 책을 접어 놓으며
창문을 열어
흐린 가을 하늘에 편지를 써
잊혀져 간 꿈들을
다시 만나고파
흐린 가을 하늘에 편지를 써
잊혀져 간 꿈들을
다시 만나고파
흐린 가을 하늘에 편지를 써
잊혀져 간 꿈들을
다시 만나고파
흐린 가을 하늘에 편지를 써
잊혀져 간 꿈들을
다시 만나고파
흐린 가을 하늘에 편지를 써
잊혀져 간 꿈들을
다시 만나고파
흐린 가을 하늘에 편지를 써",만나고파 한 시간 비 하늘 음 들 유혹 바람 허위 안 창문 지 간직 만족 책 숨결 꿈 상념
2001,89,싸이 (PSY),끝,랩/힙합,"너를 처음 본 그 날을 잊지 못하는 나
Uh! Uha! yo! yo! keep on! keep on!

너의 머릿속은 나를 귀찮아 하는 생각 잔뜩
나를 피하려는 마음만 잔뜩
하지만 내 머릿속은 니 모습만으로 가득
나를 등지고 서 있는 너를
혼자 보고 혼자 좋아했던 내가 문득
너를 잊겠다 마음 먹었어
처음부터 지금까지 너무 힘들었어
무관심도 아닌 편견과 오해로 인해
나를 모르는채 나를 나쁘게
생각하는 너의 관심을 얻어보려
그냥 니가 아는 사람중의 한 명이 되어보려
너무나 애써 너에게 다가갔어
아직도 한참 멀지만 그래도 조금 가까워진게
너무나 행복했어 항상 너에게 감사했어
너를 알게 되어서 너와 전화할 수 있게 되어서
가끔이라도 너를 들을 수 있다는게
너무나 행복했어

행복했어 너를 알게 된 순간부터
너무나 행복했어 너를 처음 본 순간부터
너무나 행복했어 지금도 행복해
내가 떠나가도 너는 슬퍼하지 않으니까

전화만 가끔하던 너를
단둘이서 보기는 불편하다던 너를
결국 만나게 된거야 아니 근데 이게 뭐야
이렇게 좋을 수 가 있는거야
어째야 할지 몰라 헛소리 한게 수차례
평소에 잘 되던 것도 잘 안돼
아직도 내 차안에 너를 만날 때
할 말과 할 것을 적어놓은 쪽지가 보일 때
혼자 웃다 또 니 생각날 때가 올까봐
청승맞게 슬퍼질까봐
너를 힘들게 잊었는데 그때가서 나를 찾을까봐
너를 잊기로 한 지금 내 마음
속은 너무나 큰 아쉬움
너를 원했던 만큼 그 마음이 컸던 만큼
쉽게 잊을 수 없는 나의 마음
오랜 후에도 가끔 후회할거야 지금

행복했어 너를 알게 된 순간부터
너무나 행복했어 너를 처음 본 순간부터
너무나 행복했어 지금도 행복해
내가 떠나가도 너는 슬퍼하지 않으니까
행복했어 행복했어

행복했어
지금도 행복해
내가 떠나가도 너는 슬퍼하지 않으니까

더이상 미련은 내게 없어
너에 대한 욕심도 이젠 없어
그동안 아픔 다 지우겠어
너에 대한 미련도 다 지우겠어
더이상 미련은 내게 없어
너에 대한 욕심도 이젠 없어
그동안 아픔 다 지우겠어
너에 대한 기억도 다 없애겠어
이제는 모든 것을 끝내겠어

행복했어 너를 알게 된 순간부터
너무나 행복했어 너를 처음 본 순간부터
너무나 행복했어 지금도 행복해
내가 떠나가도 너는 슬퍼하지 않으니까",가끔하 순간 슬퍼질까봐 전화 후회할거 불편 찾을까봐 올까봐 쪽지 한 어째 아쉬움 편견 사람중 욕심 채 행복 오해 명 머릿속 그동안 근데 그때가서 헛소리 된거 처음 후 생각 단둘이 평소 미련 수차례 등지 차안 기억 마음 무관심 있다는 지금 청승맞게 만큼 관심 감사 이젠 모습만
2001,90,내추럴 플러스,그대만의 나이길 (Feat. 김연우),발라드,"난 아닌가요. 그대 다른 사람 있나요.
너무 부족했었나요. 그댈 사랑하기엔-
늘 그랬었죠. 우리 많이 힘들었나요.
이젠 떠나는 그대를 잡을 수 없죠.
나의 사랑만으로론-
그 날 밤 우린 너무 행복했었잖아요.
그대 내게 보여준 눈물까지도.
너무 미안해하지는 말아요.
나 괜찮아요.
이렇게 웃고 있잖아요.
이젠 난 자유롭죠.
우리 다시 만나는 날까지
마지막 내 기억속에서 아주 작고
소중한 그대만의 나이길-
언젠가 그대 내게 다시 돌아오는 날
그땐이 모든 세상을 가질 수 있죠.
우리 사랑만으로-",행복 소중 부족 눈물 사랑만으로론 세상 사람 그땐 기억속 사랑 밤 마지막 이젠 미안 자유 나이길 사랑하기
2001,91,김윤아,봄날은 간다,록/메탈,"눈을 감으면 문득
그리운 날의 기억
아직까지도 마음이 저려 오는 건
그건 아마 사람도
피고 지는 꽃처럼
아름다와서 슬프기 때문일 거야, 아마도.
봄날은 가네 무심히도
꽃잎은 지네 바람에
머물 수 없던 아름다운 사람들
가만히 눈 감으면 잡힐 것같은
아련히 마음 아픈 추억같은 것들
봄은 또 오고
꽃은 피고 또 지고 피고
아름다와서 너무나 슬픈 이야기

봄날은 가네 무심히도
꽃잎은 지네 바람에
머물 수 없던 아름다운 사람들
가만히 눈 감으면 잡힐 것같은
아련히 마음 아픈 추억같은 것들
눈을 감으면 문득
그리운 날의 기억
아직까지도 마음이 저려 오는 건
그건 아마 사람도 피고 지는 꽃처럼
아름다와서 슬프기 때문일 거야, 아마도",기억 마음 꽃잎 사람 추억 이야기 피 눈 때문 거야 것들 그것 지 봄날 꽃 사람들
2001,92,이현우,The End,발라드,"더 말할 것도 부탁할 것도 없어요
내 마음 이리도 아파한 적은 없어요
모든 게 후회되요
그대여 날 이렇게 떠나나요
그러면 남겨진 내 사랑은 어떡하나요
지쳐져버린 그대 뒷모습 보면서
아무것 해 줄 수 없는
내 자신이 미워져요
이제는 그대 맘에
내가 있을 곳 없나요
제발 처음으로 돌아와 줘요
이제는 돌아와요

나 그댈 위해 버릴 수 있다 믿었죠
그 어떤 아픔도 참아낼 거라 했었죠
나만을 바라보던
그대의 눈빛 속에 내가 있죠
이제는 누굴 위해 사랑을 노래하나요
쓰러져 가는 내가 보이긴 하나요
아무도 꿈 꿀 수 없는
나 환상에 살았나요
더 이상 그대 맘에
내가 있기는 하나요
이젠 나 떠난다 말할 게요
그대여 이젠 안녕
이젠 내가 떠나요
그대를 영원히
다시 볼수 없는 또 다른 곳으로
이젠 내가 떠나요
그대를 영원히",눈빛 이상 후회되요 마음 적 누굴 사랑 게요 부탁 보이긴 이젠 처음 아무 환상 아무것 이리 뒷모습 자신
2001,93,윤종신,해변 Mood Song,발라드,"부드러워 모래밭
잔잔히 부서지는 파도소리 앞에서
너와 나 단둘이 이게 바로 천국 아니겠니
안겨볼래 내품에
그렇게 넓고 우람하지는 않겠지만
좋잖아 이럴땐 그냥 와락 안겨보는거야
우리 여기에서 그냥 확 살아 버릴까
난 부족할 게 없어 내가 필요한 건 너 뿐인데
너 하나만 있어준다면
내 인생 바랄 게 없어 I Love You

바라볼래 나의 눈
무언가 이글거리는게 보이지 않니
불타는 내 사랑 겉잡을 수 없이 번진거야
우리 여기에서 그냥 확 살아 버릴까
난 부족할 게 없어 내가 필요한 건 너 뿐인데
너 하나만 있어준다면
내 인생 바랄 게 없어 I Love You",필요 우람 이럴땐 눈 내품 천국 인생 번진거야 단둘 안겨볼래 무언가 사랑 바라볼래 모래밭 파도소리 뿐 여기 부족 하나 겉잡 확
2001,94,샵,백일기도,댄스,"바래 바래 바래 바래 바래 바래
바래 바래 바래 바래 바래
바래 바래 바래
바래 바래 바래 니가 내게
있기를 바래
바래 바래 바래 딴데로 가지
않기를 바래
바래 바래 바래 언제나 곁에
있기를 바래
바래 바래 바래 오 내 맘을
알아주길 바래
얼마나 기다려야 곁에있는
날 보겠니
이번에 만난 그애도 얼마못가
끝날걸 알아
Well I guess you knew too
my truth 찍었던 우리 사랑
그렇게도
you tell me live learn you
give you night night
I thought about it
so what so tell me about it
품으로 와 찾아 와
I get you back first
편한건 나뿐이라고 때마다
나를 찾아도
정말 나 원하는 건 너의
사랑이란 걸 알잖아
올래말래 이제는 말해 설래절래
얼마나 잴래
나보다 사랑 할 사람없단걸
알잖아
몰래몰래 너몰래 흘린
나의 눈물봐
니사랑 나 달라고 기도해 손모아
기다리는 날 잡아
바래 바래 바래 니가 내게
있기를 바래
바래 바래 바래 딴데로 가지
않기를 바래
바래 바래 바래 언제나 곁에
있기를 바래
바래 바래 바래 오 내 맘을
알아주길 바래
가까이 서도 니맘까진 닿진 못해
너 아닌 누굴 만나도 내마음은
너와 있는데
아파한 시간만큼 널 위해
기도했던 만큼
그만큼 니가 내게 다가오게
너 뿐이였어
널 그리워 했던만큼 널
사랑하고 있던 만큼
언제라도 항상 내 사랑은
항상 너만을 위한 것
너 누굴 만날 때마다 난 항상
외톨이었어
너만을 바라보는 순애보도
이제는 지쳐가
올래말래 이제는 말해 설래절래
얼마나 잴래
나보다 사랑 할 사람없단걸
알잖아
몰래몰래 너몰래 흘린
나의 눈물봐
니사랑 나 달라고 기도해 손모아
기다리는 날 잡아
stay here by my side uh don't
you leave my side hu
How can I get you to come
back don't wanna let you go
마지막 백일의 기도 백년의
기약이 되길
그렇게 원하고 있어 이제 그만
내 사랑을 봐
갈래갈래 뒤돌아 갈래 끝내끝내
맘처럼 안돼
조금씩 내맘도 흔들리는걸
어떡해
그래그래 이번엔 정말
마지막이야
이만큼 사랑할 한 여자 다시는
찾지 못하테니까
바래 바래 바래 니가 내곁에
있기를 바래
바래 바래 바래 딴데로 가지
않기를 바래
바래 바래 바래 언제나 곁에
있기를 바래
바래 바래 바래 바래 바래",내곁 기도해 뿐이 설래절래 한 백일 얼마못 바 시간 되길 끝날걸 눈물봐 여자 조금씩 마지막 백년 갈래갈래 알아주길 순애보 누굴 니사랑 너몰래 기약 끝내끝내 외톨이 기 사랑 곁에있 니맘까진 가지 몰래몰래 흔들리는걸 못하테니까 언제 곁 올래말래 기도 그래그래 만큼 내마음 잴래 그애 이번 갈래 닿진 사람없단걸
2001,95,샵,내 입술... 따뜻한 커피처럼,발라드,"If you've ever biin in love before
I know you feel this beat
If you know it Don't be shy
and sing along
울지마 이미 지난 일이야
삶의 반직선 위에 점일뿐이야
살아가면서 누구나 겪는일이야
어른이 되는 단지 과정일뿐야
yo 단지 과정일뿐야
제발 이러진 말아요
끝이라는 얘기
나는 항상 시작인걸요
그대 사랑하는 마음
점점 커져가고 있는 날
잘 알잖아요
네가 밟고 걷는 땅이
되고 싶던 난
잠시라도 네 입술 따뜻하게
데워 준
커피가 되어주고 싶었던 난
아직도 널 울리고 있을거야
아마도 난
사랑해 사랑하는 마음말고 왜
이렇게도 너무 필요한 게
많은건지 왜
지금 널 만나지 않아도 널
울리고 있을
내가 나는 왜 이리도 싫은건지
나를 많이 알잖아요 그대
사랑하며
나를 모두 버렸다는 걸
혼자 울며 걷는 나를
모르나요 그러니 제발
이러지 마요
hey girl can you please
tell me why
no why no you don't have
to lie
and it hurts me in side
but I want you to know
I'll be waiting
그래 어느 하늘아래 안에
작은 내 사랑
이젠 나의 사랑한단 말도
의미도 잠시 넌
우리의 힘들었던 지나간
나의 넌 기리 위리
우리의 기리 위리 돌릴
수 없는 우리
I know 이제는 돌리지
못할 거란 걸
you know 아니 너를
사랑한단 걸
오래 전 노래처럼 오래오래
널 간직할래
그래 너만을 위한 나의
사랑은 이래
remember I miss you
난 하지만 행복해 이젠 넌 잘
할 수 있을께
네가 연습이 힘들었던 만큼
다음엔 꼭 나 같은
남자 피해갈테니
자상하고 부드럽고 따뜻한
남자였음 좋겠어
너의 부모님 마음 충분히
만족시켜 드리고
편하게 해드릴 수 있는 단
한 방울의 눈물없이
단 한 번의 아픔없이 상처없이
너무 편안한 사랑을
했음 좋겠어
꿈에서라도 싫어요
떠나지 말아요
나는 죽을지도 몰라요
이대로 행복한걸요 모르겠나요
아무것도 바라지 않아
지나간 사랑으로 날
그대의 추억 속에서 살게
할건가요
사랑은 계속 커져갈텐데
이대로 나를 정말 보낼건가요
울지마 이미 지난 일이야
버틸 수 없을만큼 힘들겠지만
삶의 반직선 위의 점일뿐이야
어느 때보다도 긴 시간이겠지만
살아가면서 누구나 겪는일이야
쉽게 받아들일 수는 없겠지만
어른이 되는 단지 과정일뿐야
yo 단지 과정일 뿐야",필요 부모님 시작인걸요 반직선 리 의미 눈물 과정 사랑한단 한 점 연습 시간 삶 누구 땅 행복 일 노래 추억 있을거야 행복한걸요 이리 입술 사랑해 다음 남자 자상 마요 과정일뿐야 기 따뜻 안 사랑 방울 하늘아래 커피 지 편안 뿐 거란 만족 이대 마음 어른 단지 전 끝 간직할래 겪는일이야 만큼 따뜻한 이젠 상처 아무것 꿈 얘 이래 이러지
2001,96,박화요비,그런 일은,R&B/Soul,"너무나 멀어보여요
이렇게 가까이 있는데도
언제나 나를 안아주던 따스한
인사도 잊은건가요
내가 뭘 잘못했나요
혹시 나 미워졌나요
아니죠 떠나려는건 아니죠
그런일은 절대로
없을거라 나는 믿을게요
오늘은 안돼요
내 사랑이 이대로는
이별을 감당하긴 어려운걸요
많은 약속을 다 지울순 없잖아요
아직도 해드릴게 참 많이 있는데
얼마쯤 걸어가다가
한번은 날 뒤돌아 봐줄거죠
그리곤 다시 예전처럼
다가와 웃으며 안아줄거죠
정말 날 좋아했는데
정말 날 아꼈었는데
아니죠 그대를 다시 못보는
그런일은 절대로 없는거죠
나는 믿을게요
오늘은 안돼요 내 사랑이
이대로는
이별을 감당하긴 어려운걸요
많은 약속을 다 지울순
없잖아요
아직도 해드릴게 참 많은걸요
내일 아침엔 더 힘들어
질거예요
어쩌면 며칠밤을
지새우겠죠
언제까지나 곁에
있기로 했잖아요
그대가 아니라면 난 혼자인걸요",며칠밤 그런일 예전 어려운걸요 얼마쯤 인사 믿을게요 없는거죠 잘못 많은걸요 혼자인걸요 떠나려는건 따스 오늘 안아줄거죠 사랑 한번 질거예요 못보 봐줄거죠 이별 지울순 아침 이대 언제 곁 해드릴 감당하긴 약속
2001,97,서문탁,사미인곡,록/메탈,"만백성에게 고하노니
사랑하며 살지어다
대체 무슨 일을 하관데
사랑하지 않고 살아가오
쉬었다 간들 어떨소냐
난 사랑하며 사는 도다
인생이 이리 짧을진데
어찌 사랑 맘껏 안하리오
Feel me Love me
사람이라면 응당 그래야 하거늘
이렇게 된 세상 어이할꼬
Love for Love for Love
꼭 그리 하오리다
사랑하며 살고 그 안에서
행복을 이룰지니
난 사랑을 하나니
정녕 있는 힘껏 사랑하며
그렇게 살으리오다

그대들에게 이르노니
사랑 속에 살리로다
어찌 혼자 살아 가리오
이제 둘이 함께 가자스라
Feel me Love me
사람이라면 응당 그래야 하거늘
이렇게 된 세상 어이할꼬
Love for Love for Love
꼭 그리 하오리다
사랑하며 살고 그 안에서
행복을 이룰지니
난 사랑을 하나니
정녕 있는 힘껏 사랑하며
그렇게 살으리오다

이제야 얻는 내 사랑을 지켜가게 하소서
오 나의 하늘님이여 Come on Come on
쭉 사랑을 하리라
둘이 함께 가는 길일진데
멀다고 힘들소냐
난 사랑에 미친 자
꿈에서 난 깨지 않으리라
사랑 안에 살리라",살으리오다 리 힘들소냐 하늘님이 사람 오 행복 하관데 인생 하소 일 어떨소냐 만백성 짧을진데 안 사랑 도 길일진데 세상 지 안하 자 어이할꼬 둘 가자스라 꿈 그대들에
2001,98,god,니가 필요해,댄스,"니가 필요해


가지마 제발 제발

왜 왜 날 떠나려고 해

난 난 아직도 니가 필요해

다 다시 한번 제발 생각해

날 날 이대로 버리면 안돼

왜 왜 날 떠나려고 해

난 난 아직도 니가 필요해

다 다시

한번 제발 생각해

날 날

이대로 버리면 안돼

그댄 헤어지자고

말을 하네

그러면서 내 앞에서

돌아서고 있네

그대 모습이

조금씩 멀어져가네

그 모습 흐려지네

조금씩 번져가네

왜 내가 그대를

떠나가게 한건지

곁에 있을때

잘하지 못했는지

이제와서 뒤늦게

이제는 잘할게 하며

그대의 발목을

붙잡고 있는지

곁에 있는 건

그게 무엇이건

언제나 곁에 있기에

떠나기 전에는

얼마나

소중한지 몰라

떠나고 나서야

뒤늦게 깨달아

마음속에 있는

수없이 많은

생각들 중에서

언제나 네 생각은

왜 소홀해지는지

가볍게 여기는지

그러다 이렇게

후회하는지

이별은

막을수가 없다고

수없이 많이

들어왔지만

떠날땐

보내줘야 한다고

다짐을 하고

또 해보지만

난 니가 필요해

아무리 말을 해봐도

그대는 내 말

들으려고 안해

그대 없이는

나 자신이 없는데

어떻게 다시 그대없이

살아가야 해

나를 용서못해

그래 이해해

나도 내 자신을

도저히 용서못해

하지만 어떻게

난 니가 필요해

제발 지나간

추억들을 생각해

그대는 나를 다시

용서하면 즉시

다시 예전과 하나

다를바가 없지

그 모습 그대로

돌아갈거라고

생각하겠지만

절대로 두번 다시

이런일 없을거야

나를 믿어줘

제발 나에게

한번만 기회를 줘

놓치고 싶지 않아

보내고 싶지 않아

하늘아

제발 날 좀 도와줘

이별은

막을수가 없다고

수없이 많이

들어왔지만

떠날땐

보내줘야 한다고

다짐을 하고

또 해보지만

난 이렇게라도

그대 동정심에라도

그댈 돌릴수만 있다면

나는 괜찮아

왜 왜

날 떠나려고 해

난 난

아직도 니가 필요해

다 다시

한번 제발 생각해

날 날

이대로 버리면 안돼

왜 왜

날 떠나려고 해

난 난

아직도 니가 필요해

다 다시

한번 제발 생각해

날 날

이대로 버리면 안돼

이별은

막을수가 없다고

수없이 많이

들어왔지만

떠날땐

보내줘야 한다고

다짐을 하고

또 해보지만

이별은

막을수가 없다고

수없이 많이

들어왔지만

떠날땐

보내줘야 한다고

다짐을 하고

또 해보지만",필요 용서 소홀 예전 발목 후회 없을거야 자신 그댄 모습 바 잘할 이제와 소중 생각들 하늘 조금씩 추억들 두번 이해 이런 무엇 한번 생각 이별 동정심 하나 깨달아 이대 중 기회 곁 전 마음속 떠날땐
2001,99,김조한,오늘까지만,R&B/Soul,"이젠 모두 잊었니 정말 나를 잊어버렸니
왜 슬픈 예감은 틀린적 없는지
꿈에 날 찾아와 울며 미안하단 니 모습
오늘을 위한 거니 니 고운 얼굴도 환한 미소도
여전히 예전 그대로인데
지금 니 곁에 내가 아닌 사랑이
돌아설게 그가 나를 알수가 없게
휘청이는 내 마음 니가 느낄수 없게
오늘만 울어줄게 슬픈 눈물이
내게 널 지울만큼만
너 하나만 원한게 내겐 헛된 바램이었나
니 행복한 모습 본걸로 됐다고
날 위로해봐도 너를 기다려온 사랑에
자꾸 목이 메어와
오 내게 이것만 묻고 싶어서
아직도 나와 함께 했었던 지난 추억들
니 맘 속에 있는지
돌아설게 그가 나를 알수가 없게
휘청이는 내 맘을 니가 느낄수 없게
오늘만 울어줄게 슬픈 눈물이
내게 널 지울만큼만
I pray for your love 행복해줘(행복해줘)
늘 지금처럼만 (늘지금처럼만) 아~~
그를 선택했던 니 맘을
그가 내게 없는걸 가진거라 여길게
오늘만 기억할게 너의 모든걸
미련도 오늘까지만
영원히 오늘까지만 오늘까지만",눈물 예전 모습 예감 위로 오 미소 바램 행복 이것 적 휘청 추억들 여길게 목 미안하단 없는걸 오늘 사랑 돌아설게 본걸 행복해줘행복해줘 모든걸 미련 하나 얼굴 마음 곁 늘지금처럼만 지금 선택 만큼 돌아설 이젠 기억할 내겐 꿈 환
2001,100,조성모,다짐,댄스,"그때 내가 아니야
니 얼굴만 봐도 눈물짓던
그런 표정 하지마
잔인한 너에게 후회 뿐야
널 우연히 만나면
나에 달라진 모습을
너 보여 주면 혹시 내게
다시 돌아 올까봐
하지만 끝난 거야
니가 나를 잊는데
도움만됐을 뿐
오히려 헤어진 게 잘됐다고
안심했을 너야
그대 날 떠나가 왜 날 버리나
나없이 행복했었나
why left alone with nothing
but a tears mow you and I ah
너와 나 그대 나에게
그렇게 냉정해야했나
back in time when you were
by my side
이제 나 그렇게 무너지지않아
no one is going to bring me down
다짐하고 또 했어
널 모조리 잊어버리자고
죽기 직전까지만
널 그리워하다 끝내자고
널 우연히 만나면
나에 달라진 모습을
너 보여주면 혹시 내게
다시 돌아 올까봐
하지만 끝난 거야
니가 나를 잊는데 도움만됐을 뿐
오히려 헤어진 게
잘됐다고 안심했을 너야
난 달라졌어 너 때문에
더 이상 아파하진 않아
그 때완 다를 거야
누가 봐도 강한 내가 됐어",표정 올까봐 후회 한 모습 때문 이상 누구 행복 안심 직전 냉정 잔 때완 도움만 뿐 얼굴 그때 뿐야
